0,-0.5,0
0.1,-0.499976,0.000479419
0.2,-0.499904,0.000958795
0.3,-0.499784,0.00143809
0.4,-0.499617,0.00191725
0.5,-0.499401,0.00239625
0.6,-0.499137,0.00287504
0.7,-0.498826,0.00335357
0.8,-0.498467,0.00383181
0.9,-0.498059,0.00430972
1,-0.497605,0.00478724
1.1,-0.497102,0.00526435
1.2,-0.496552,0.00574099
1.3,-0.495954,0.00621713
1.4,-0.495308,0.00669272
1.5,-0.494615,0.00716772
1.6,-0.493875,0.00764209
1.7,-0.493087,0.00811579
1.8,-0.492252,0.00858877
1.9,-0.491369,0.009061
2,-0.49044,0.00953242
2.1,-0.489463,0.010003
2.2,-0.488439,0.0104727
2.3,-0.487368,0.0109415
2.4,-0.486251,0.0114093
2.5,-0.485086,0.0118761
2.6,-0.483876,0.0123419
2.7,-0.482618,0.0128065
2.8,-0.481314,0.01327
2.9,-0.479964,0.0137324
3,-0.478568,0.0141935
3.1,-0.477125,0.0146534
3.2,-0.475637,0.015112
3.3,-0.474103,0.0155692
3.4,-0.472523,0.016025
3.5,-0.470898,0.0164794
3.6,-0.469228,0.0169324
3.7,-0.467512,0.0173838
3.8,-0.465751,0.0178337
3.9,-0.463945,0.018282
4,-0.462094,0.0187287
4.1,-0.460199,0.0191736
4.2,-0.45826,0.0196169
4.3,-0.456276,0.0200584
4.4,-0.454248,0.0204981
4.5,-0.452176,0.020936
4.6,-0.450061,0.0213719
4.7,-0.447902,0.021806
4.8,-0.4457,0.0222381
4.9,-0.443455,0.0226682
5,-0.441166,0.0230962
5.1,-0.438835,0.0235221
5.2,-0.436462,0.0239459
5.3,-0.434046,0.0243676
5.4,-0.431589,0.024787
5.5,-0.429089,0.0252042
5.6,-0.426548,0.0256191
5.7,-0.423965,0.0260316
5.8,-0.421342,0.0264418
5.9,-0.418677,0.0268496
6,-0.415972,0.0272549
6.1,-0.413226,0.0276577
6.2,-0.41044,0.028058
6.3,-0.407615,0.0284558
6.4,-0.404749,0.0288509
6.5,-0.401844,0.0292433
6.6,-0.398901,0.0296331
6.7,-0.395918,0.0300201
6.8,-0.392897,0.0304044
6.9,-0.389837,0.0307858
7,-0.38674,0.0311644
7.1,-0.383604,0.0315402
7.2,-0.380432,0.031913
7.3,-0.377222,0.0322828
7.4,-0.373975,0.0326496
7.5,-0.370692,0.0330134
7.6,-0.367373,0.0333741
7.7,-0.364017,0.0337317
7.8,-0.360626,0.0340862
7.9,-0.3572,0.0344375
8,-0.353739,0.0347855
8.1,-0.350243,0.0351303
8.2,-0.346713,0.0354717
8.3,-0.343149,0.0358099
8.4,-0.339551,0.0361446
8.5,-0.33592,0.036476
8.6,-0.332256,0.0368039
8.7,-0.328559,0.0371283
8.8,-0.324831,0.0374492
8.9,-0.32107,0.0377666
9,-0.317277,0.0380804
9.1,-0.313454,0.0383906
9.2,-0.309599,0.0386971
9.3,-0.305714,0.0389999
9.4,-0.3018,0.039299
9.5,-0.297855,0.0395944
9.6,-0.293881,0.0398859
9.7,-0.289878,0.0401737
9.8,-0.285846,0.0404576
9.9,-0.281786,0.0407376
10,-0.277699,0.0410137
10.1,-0.273584,0.0412859
10.2,-0.269442,0.0415541
10.3,-0.265273,0.0418183
10.4,-0.261078,0.0420784
10.5,-0.256858,0.0423345
10.6,-0.252611,0.0425865
10.7,-0.24834,0.0428344
10.8,-0.244045,0.0430781
10.9,-0.239725,0.0433176
11,-0.235381,0.0435529
11.1,-0.231014,0.043784
11.2,-0.226625,0.0440109
11.3,-0.222212,0.0442334
11.4,-0.217778,0.0444516
11.5,-0.213322,0.0446655
11.6,-0.208845,0.044875
11.7,-0.204347,0.0450802
11.8,-0.199829,0.0452809
11.9,-0.195291,0.0454772
12,-0.190734,0.045669
12.1,-0.186158,0.0458563
12.2,-0.181563,0.0460391
12.3,-0.17695,0.0462174
12.4,-0.17232,0.0463912
12.5,-0.167672,0.0465604
12.6,-0.163008,0.046725
12.7,-0.158327,0.0468849
12.8,-0.153631,0.0470403
12.9,-0.148919,0.047191
13,-0.144193,0.047337
13.1,-0.139452,0.0474784
13.2,-0.134697,0.047615
13.3,-0.129929,0.0477469
13.4,-0.125148,0.0478741
13.5,-0.120354,0.0479966
13.6,-0.115549,0.0481143
13.7,-0.110732,0.0482272
13.8,-0.105904,0.0483353
13.9,-0.101065,0.0484386
14,-0.096216,0.048537
14.1,-0.0913576,0.0486307
14.2,-0.0864901,0.0487195
14.3,-0.0816139,0.0488035
14.4,-0.0767295,0.0488825
14.5,-0.0718375,0.0489568
14.6,-0.0669383,0.0490261
14.7,-0.0620325,0.0490905
14.8,-0.0571204,0.0491501
14.9,-0.0522026,0.0492047
15,-0.0472796,0.0492544
15.1,-0.0423519,0.0492992
15.2,-0.0374199,0.0493391
15.3,-0.0324842,0.0493741
15.4,-0.0275453,0.0494041
15.5,-0.0226036,0.0494291
15.6,-0.0176596,0.0494493
15.7,-0.0127139,0.0494645
15.8,-0.00776689,0.0494747
15.9,-0.00281912,0.04948
16,0.00212894,0.0494803
16.1,0.00707679,0.0494757
16.2,0.0120239,0.0494662
16.3,0.0169699,0.0494517
16.4,0.0219141,0.0494322
16.5,0.0268561,0.0494079
16.6,0.0317955,0.0493785
16.7,0.0367317,0.0493443
16.8,0.0416642,0.0493051
16.9,0.0465925,0.049261
17,0.0515162,0.0492119
17.1,0.0564348,0.049158
17.2,0.0613477,0.0490991
17.3,0.0662544,0.0490354
17.4,0.0711546,0.0489667
17.5,0.0760476,0.0488932
17.6,0.080933,0.0488148
17.7,0.0858104,0.0487315
17.8,0.0906792,0.0486434
17.9,0.0955389,0.0485504
18,0.100389,0.0484526
18.1,0.105229,0.04835
18.2,0.110059,0.0482425
18.3,0.114878,0.0481303
18.4,0.119685,0.0480133
18.5,0.12448,0.0478915
18.6,0.129263,0.047765
18.7,0.134033,0.0476337
18.8,0.13879,0.0474977
18.9,0.143532,0.047357
19,0.148261,0.0472116
19.1,0.152975,0.0470616
19.2,0.157673,0.0469069
19.3,0.162356,0.0467475
19.4,0.167022,0.0465836
19.5,0.171672,0.0464151
19.6,0.176305,0.0462419
19.7,0.180921,0.0460643
19.8,0.185518,0.0458821
19.9,0.190097,0.0456954
20,0.194657,0.0455042
20.1,0.199197,0.0453085
20.2,0.203718,0.0451084
20.3,0.208219,0.0449039
20.4,0.212699,0.044695
20.5,0.217158,0.0444817
20.6,0.221595,0.0442641
20.7,0.226011,0.0440422
20.8,0.230404,0.0438159
20.9,0.234774,0.0435854
21,0.23912,0.0433507
21.1,0.243444,0.0431117
21.2,0.247743,0.0428686
21.3,0.252017,0.0426213
21.4,0.256267,0.0423699
21.5,0.260491,0.0421144
21.6,0.26469,0.0418548
21.7,0.268862,0.0415912
21.8,0.273008,0.0413235
21.9,0.277126,0.0410519
22,0.281218,0.0407764
22.1,0.285282,0.0404969
22.2,0.289317,0.0402135
22.3,0.293324,0.0399263
22.4,0.297302,0.0396353
22.5,0.301251,0.0393404
22.6,0.30517,0.0390418
22.7,0.309059,0.0387395
22.8,0.312918,0.0384335
22.9,0.316746,0.0381239
23,0.320543,0.0378106
23.1,0.324308,0.0374937
23.2,0.328041,0.0371733
23.3,0.331742,0.0368493
23.4,0.335411,0.0365219
23.5,0.339047,0.036191
23.6,0.342649,0.0358568
23.7,0.346218,0.0355191
23.8,0.349753,0.0351781
23.9,0.353253,0.0348338
24,0.356719,0.0344862
24.1,0.360151,0.0341354
24.2,0.363546,0.0337814
24.3,0.366907,0.0334242
24.4,0.370231,0.0330639
24.5,0.373519,0.0327006
24.6,0.376771,0.0323341
24.7,0.379986,0.0319647
24.8,0.383164,0.0315923
24.9,0.386305,0.031217
25,0.389407,0.0308388
25.1,0.392472,0.0304578
25.2,0.395499,0.0300739
25.3,0.398487,0.0296872
25.4,0.401436,0.0292979
25.5,0.404346,0.0289058
25.6,0.407217,0.028511
25.7,0.410048,0.0281137
25.8,0.41284,0.0277137
25.9,0.415591,0.0273113
26,0.418302,0.0269063
26.1,0.420972,0.0264989
26.2,0.423602,0.026089
26.3,0.42619,0.0256768
26.4,0.428737,0.0252622
26.5,0.431242,0.0248453
26.6,0.433706,0.0244262
26.7,0.436128,0.0240049
26.8,0.438507,0.0235814
26.9,0.440844,0.0231557
27,0.443138,0.022728
27.1,0.445389,0.0222982
27.2,0.447598,0.0218664
27.3,0.449763,0.0214326
27.4,0.451884,0.0209969
27.5,0.453962,0.0205593
27.6,0.455996,0.0201198
27.7,0.457986,0.0196786
27.8,0.459931,0.0192356
27.9,0.461833,0.0187908
28,0.46369,0.0183444
28.1,0.465502,0.0178963
28.2,0.467269,0.0174467
28.3,0.468991,0.0169955
28.4,0.470668,0.0165427
28.5,0.472299,0.0160885
28.6,0.473885,0.0156329
28.7,0.475426,0.0151758
28.8,0.476921,0.0147174
28.9,0.478369,0.0142577
29,0.479772,0.0137968
29.1,0.481129,0.0133346
29.2,0.482439,0.0128712
29.3,0.483703,0.0124067
29.4,0.48492,0.0119411
29.5,0.486091,0.0114745
29.6,0.487215,0.0110068
29.7,0.488292,0.0105382
29.8,0.489323,0.0100686
29.9,0.490306,0.00959811
30,0.491242,0.0091268
30.1,0.492131,0.00865469
30.2,0.492973,0.00818181
30.3,0.493768,0.0077082
30.4,0.494515,0.00723393
30.5,0.495215,0.00675901
30.6,0.495867,0.0062835
30.7,0.496471,0.00580744
30.8,0.497028,0.00533086
30.9,0.497537,0.00485382
31,0.497999,0.00437635
31.1,0.498413,0.0038985
31.2,0.498779,0.0034203
31.3,0.499097,0.0029418
31.4,0.499367,0.00246305
31.5,0.499589,0.00198408
31.6,0.499764,0.00150493
31.7,0.49989,0.00102566
31.8,0.499969,0.000546288
31.9,0.5,6.68726e-05
32,0.499982,-0.000412548
32.1,0.499917,-0.000891933
32.2,0.499804,-0.00137124
32.3,0.499643,-0.00185043
32.4,0.499434,-0.00232945
32.5,0.499177,-0.00280827
32.6,0.498872,-0.00328684
32.7,0.49852,-0.00376513
32.8,0.498119,-0.00424308
32.9,0.497671,-0.00472066
33,0.497175,-0.00519783
33.1,0.496631,-0.00567454
33.2,0.49604,-0.00615075
33.3,0.495401,-0.00662641
33.4,0.494715,-0.0071015
33.5,0.493981,-0.00757596
33.6,0.4932,-0.00804976
33.7,0.492371,-0.00852284
33.8,0.491495,-0.00899518
33.9,0.490572,-0.00946672
34,0.489602,-0.00993742
34.1,0.488585,-0.0104073
34.2,0.48752,-0.0108762
34.3,0.486409,-0.0113441
34.4,0.485252,-0.0118111
34.5,0.484047,-0.012277
34.6,0.482796,-0.0127418
34.7,0.481499,-0.0132055
34.8,0.480155,-0.013668
34.9,0.478765,-0.0141293
35,0.477329,-0.0145893
35.1,0.475848,-0.0150481
35.2,0.47432,-0.0155055
35.3,0.472746,-0.0159615
35.4,0.471128,-0.0164162
35.5,0.469463,-0.0168693
35.6,0.467754,-0.017321
35.7,0.465999,-0.0177711
35.8,0.4642,-0.0182196
35.9,0.462355,-0.0186665
36,0.460466,-0.0191117
36.1,0.458533,-0.0195552
36.2,0.456555,-0.0199969
36.3,0.454534,-0.0204369
36.4,0.452468,-0.020875
36.5,0.450359,-0.0213112
36.6,0.448206,-0.0217456
36.7,0.44601,-0.0221779
36.8,0.44377,-0.0226083
36.9,0.441488,-0.0230366
37,0.439163,-0.0234628
37.1,0.436796,-0.023887
37.2,0.434386,-0.0243089
37.3,0.431934,-0.0247286
37.4,0.42944,-0.0251461
37.5,0.426905,-0.0255614
37.6,0.424328,-0.0259742
37.7,0.42171,-0.0263848
37.8,0.419051,-0.0267929
37.9,0.416351,-0.0271985
38,0.413611,-0.0276017
38.1,0.410831,-0.0280024
38.2,0.408011,-0.0284004
38.3,0.405151,-0.0287959
38.4,0.402252,-0.0291887
38.5,0.399314,-0.0295789
38.6,0.396336,-0.0299663
38.7,0.39332,-0.030351
38.8,0.390266,-0.0307328
38.9,0.387174,-0.0311118
39,0.384044,-0.0314879
39.1,0.380876,-0.0318611
39.2,0.377672,-0.0322314
39.3,0.37443,-0.0325986
39.4,0.371152,-0.0329629
39.5,0.367838,-0.033324
39.6,0.364487,-0.0336821
39.7,0.361101,-0.0340369
39.8,0.35768,-0.0343886
39.9,0.354224,-0.0347371
40,0.350733,-0.0350824
40.1,0.347207,-0.0354243
40.2,0.343648,-0.0357629
40.3,0.340055,-0.0360981
40.4,0.336429,-0.03643
40.5,0.332769,-0.0367584
40.6,0.329077,-0.0370833
40.7,0.325353,-0.0374047
40.8,0.321596,-0.0377225
40.9,0.317808,-0.0380368
41,0.313989,-0.0383475
41.1,0.310139,-0.0386545
41.2,0.306258,-0.0389579
41.3,0.302347,-0.0392575
41.4,0.298407,-0.0395534
41.5,0.294437,-0.0398455
41.6,0.290438,-0.0401338
41.7,0.28641,-0.0404182
41.8,0.282354,-0.0406988
41.9,0.278271,-0.0409754
42,0.274159,-0.0412482
42.1,0.270021,-0.0415169
42.2,0.265856,-0.0417817
42.3,0.261665,-0.0420424
42.4,0.257448,-0.042299
42.5,0.253205,-0.0425516
42.6,0.248938,-0.0428
42.7,0.244645,-0.0430443
42.8,0.240329,-0.0432845
42.9,0.235989,-0.0435204
43,0.231625,-0.0437521
43.1,0.227238,-0.0439795
43.2,0.222829,-0.0442026
43.3,0.218398,-0.0444214
43.4,0.213945,-0.0446359
43.5,0.209471,-0.0448461
43.6,0.204976,-0.0450518
43.7,0.200461,-0.0452532
43.8,0.195925,-0.0454501
43.9,0.191371,-0.0456425
44,0.186797,-0.0458305
44.1,0.182205,-0.0460139
44.2,0.177595,-0.0461928
44.3,0.172966,-0.0463672
44.4,0.168321,-0.046537
44.5,0.163659,-0.0467023
44.6,0.158981,-0.0468629
44.7,0.154287,-0.0470189
44.8,0.149577,-0.0471702
44.9,0.144853,-0.0473169
45,0.140114,-0.0474589
45.1,0.135361,-0.0475962
45.2,0.130595,-0.0477288
45.3,0.125816,-0.0478567
45.4,0.121024,-0.0479798
45.5,0.11622,-0.0480981
45.6,0.111404,-0.0482117
45.7,0.106578,-0.0483205
45.8,0.10174,-0.0484244
45.9,0.096893,-0.0485236
46,0.0920358,-0.0486179
46.1,0.0871695,-0.0487074
46.2,0.0822945,-0.048792
46.3,0.0774113,-0.0488718
46.4,0.0725203,-0.0489467
46.5,0.0676221,-0.0490167
46.6,0.0627171,-0.0490818
46.7,0.0578059,-0.0491421
46.8,0.0528889,-0.0491974
46.9,0.0479666,-0.0492478
47,0.0430395,-0.0492933
47.1,0.0381081,-0.0493338
47.2,0.0331729,-0.0493695
47.3,0.0282344,-0.0494002
47.4,0.023293,-0.0494259
47.5,0.0183493,-0.0494468
47.6,0.0134038,-0.0494626
47.7,0.00845698,-0.0494736
47.8,0.00350928,-0.0494795
47.9,-0.00143876,-0.0494806
48,-0.00638667,-0.0494767
48.1,-0.0113339,-0.0494678
48.2,-0.0162801,-0.049454
48.3,-0.0212246,-0.0494353
48.4,-0.026167,-0.0494116
48.5,-0.0311067,-0.0493829
48.6,-0.0360434,-0.0493494
48.7,-0.0409764,-0.0493109
48.8,-0.0459054,-0.0492674
48.9,-0.0508297,-0.0492191
49,-0.055749,-0.0491658
49.1,-0.0606627,-0.0491076
49.2,-0.0655704,-0.0490446
49.3,-0.0704715,-0.0489766
49.4,-0.0753656,-0.0489037
49.5,-0.0802521,-0.048826
49.6,-0.0851306,-0.0487434
49.7,-0.0900006,-0.048656
49.8,-0.0948616,-0.0485637
49.9,-0.0997132,-0.0484665
50,-0.104555,-0.0483646
50.1,-0.109386,-0.0482578
50.2,-0.114206,-0.0481462
50.3,-0.119015,-0.0480299
50.4,-0.123812,-0.0479088
50.5,-0.128597,-0.0477829
50.6,-0.133368,-0.0476523
50.7,-0.138127,-0.047517
50.8,-0.142872,-0.0473769
50.9,-0.147602,-0.0472322
51,-0.152318,-0.0470828
51.1,-0.157019,-0.0469287
51.2,-0.161704,-0.0467701
51.3,-0.166372,-0.0466067
51.4,-0.171025,-0.0464388
51.5,-0.17566,-0.0462664
51.6,-0.180278,-0.0460893
51.7,-0.184878,-0.0459078
51.8,-0.189459,-0.0457217
51.9,-0.194022,-0.0455311
52,-0.198565,-0.0453361
52.1,-0.203089,-0.0451366
52.2,-0.207592,-0.0449327
52.3,-0.212075,-0.0447244
52.4,-0.216537,-0.0445117
52.5,-0.220978,-0.0442947
52.6,-0.225396,-0.0440734
52.7,-0.229792,-0.0438477
52.8,-0.234165,-0.0436178
52.9,-0.238516,-0.0433837
53,-0.242842,-0.0431453
53.1,-0.247144,-0.0429028
53.2,-0.251422,-0.0426561
53.3,-0.255676,-0.0424052
53.4,-0.259903,-0.0421503
53.5,-0.264105,-0.0418913
53.6,-0.268281,-0.0416282
53.7,-0.272431,-0.0413611
53.8,-0.276554,-0.0410901
53.9,-0.280649,-0.040815
54,-0.284716,-0.0405361
54.1,-0.288756,-0.0402533
54.2,-0.292767,-0.0399666
54.3,-0.296749,-0.0396761
54.4,-0.300702,-0.0393818
54.5,-0.304625,-0.0390837
54.6,-0.308519,-0.0387819
54.7,-0.312382,-0.0384764
54.8,-0.316214,-0.0381673
54.9,-0.320015,-0.0378545
55,-0.323785,-0.0375381
55.1,-0.327522,-0.0372182
55.2,-0.331228,-0.0368947
55.3,-0.334901,-0.0365678
55.4,-0.338542,-0.0362374
55.5,-0.342149,-0.0359036
55.6,-0.345722,-0.0355664
55.7,-0.349262,-0.0352258
55.8,-0.352767,-0.034882
55.9,-0.356238,-0.0345349
56,-0.359674,-0.0341845
56.1,-0.363075,-0.0338309
56.2,-0.36644,-0.0334742
56.3,-0.36977,-0.0331144
56.4,-0.373063,-0.0327514
56.5,-0.37632,-0.0323854
56.6,-0.37954,-0.0320164
56.7,-0.382723,-0.0316445
56.8,-0.385869,-0.0312696
56.9,-0.388977,-0.0308918
57,-0.392047,-0.0305111
57.1,-0.395079,-0.0301276
57.2,-0.398072,-0.0297413
57.3,-0.401027,-0.0293523
57.4,-0.403943,-0.0289606
57.5,-0.406819,-0.0285662
57.6,-0.409656,-0.0281693
57.7,-0.412453,-0.0277697
57.8,-0.41521,-0.0273676
57.9,-0.417926,-0.0269629
58,-0.420602,-0.0265558
58.1,-0.423237,-0.0261463
58.2,-0.425831,-0.0257344
58.3,-0.428384,-0.0253202
58.4,-0.430895,-0.0249036
58.5,-0.433365,-0.0244848
58.6,-0.435792,-0.0240638
58.7,-0.438178,-0.0236406
58.8,-0.44052,-0.0232152
58.9,-0.442821,-0.0227878
59,-0.445078,-0.0223583
59.1,-0.447292,-0.0219267
59.2,-0.449463,-0.0214932
59.3,-0.451591,-0.0210578
59.4,-0.453675,-0.0206204
59.5,-0.455715,-0.0201812
59.6,-0.457711,-0.0197402
59.7,-0.459663,-0.0192975
59.8,-0.46157,-0.018853
59.9,-0.463433,-0.0184068
60,-0.465252,-0.0179589
60.1,-0.467025,-0.0175095
60.2,-0.468753,-0.0170585
60.3,-0.470437,-0.016606
60.4,-0.472075,-0.0161519
60.5,-0.473667,-0.0156965
60.6,-0.475214,-0.0152397
60.7,-0.476715,-0.0147815
60.8,-0.47817,-0.0143219
60.9,-0.479579,-0.0138612
61,-0.480942,-0.0133991
61.1,-0.482259,-0.0129359
61.2,-0.483529,-0.0124716
61.3,-0.484753,-0.0120061
61.4,-0.485931,-0.0115396
61.5,-0.487061,-0.0110721
61.6,-0.488145,-0.0106036
61.7,-0.489182,-0.0101341
61.8,-0.490172,-0.00966379
61.9,-0.491115,-0.00919259
62,-0.49201,-0.00872059
62.1,-0.492859,-0.00824781
62.2,-0.49366,-0.00777431
62.3,-0.494414,-0.00730012
62.4,-0.49512,-0.00682529
62.5,-0.495779,-0.00634986
62.6,-0.49639,-0.00587387
62.7,-0.496953,-0.00539737
62.8,-0.497469,-0.00492039
62.9,-0.497937,-0.00444297
63,-0.498358,-0.00396517
63.1,-0.49873,-0.00348702
63.2,-0.499055,-0.00300856
63.3,-0.499332,-0.00252984
63.4,-0.499561,-0.0020509
63.5,-0.499742,-0.00157177
63.6,-0.499876,-0.00109251
63.7,-0.499961,-0.000613156
63.8,-0.499998,-0.000133745
63.9,-0.499988,0.000345678
64,-0.499929,0.00082507
64.1,-0.499823,0.00130439
64.2,-0.499668,0.0017836
64.3,-0.499466,0.00226264
64.4,-0.499216,0.00274149
64.5,-0.498918,0.0032201
64.6,-0.498572,0.00369843
64.7,-0.498178,0.00417643
64.8,-0.497736,0.00465407
64.9,-0.497247,0.0051313
65,-0.49671,0.00560807
65.1,-0.496125,0.00608435
65.2,-0.495493,0.0065601
65.3,-0.494813,0.00703527
65.4,-0.494086,0.00750982
65.5,-0.493312,0.00798371
65.6,-0.492489,0.0084569
65.7,-0.49162,0.00892934
65.8,-0.490704,0.00940099
65.9,-0.48974,0.00987182
66,-0.488729,0.0103418
66.1,-0.487672,0.0108108
66.2,-0.486567,0.0112789
66.3,-0.485416,0.011746
66.4,-0.484218,0.012212
66.5,-0.482974,0.012677
66.6,-0.481683,0.0131409
66.7,-0.480345,0.0136035
66.8,-0.478962,0.014065
66.9,-0.477532,0.0145252
67,-0.476057,0.0149842
67.1,-0.474536,0.0154418
67.2,-0.472969,0.015898
67.3,-0.471356,0.0163528
67.4,-0.469698,0.0168062
67.5,-0.467995,0.017258
67.6,-0.466247,0.0177084
67.7,-0.464453,0.0181571
67.8,-0.462615,0.0186042
67.9,-0.460733,0.0190497
68,-0.458805,0.0194934
68.1,-0.456834,0.0199354
68.2,-0.454818,0.0203756
68.3,-0.452759,0.020814
68.4,-0.450656,0.0212505
68.5,-0.448509,0.0216851
68.6,-0.446319,0.0221177
68.7,-0.444085,0.0225484
68.8,-0.441809,0.022977
68.9,-0.43949,0.0234035
69,-0.437128,0.0238279
69.1,-0.434724,0.0242502
69.2,-0.432278,0.0246702
69.3,-0.42979,0.025088
69.4,-0.427261,0.0255036
69.5,-0.42469,0.0259168
69.6,-0.422078,0.0263276
69.7,-0.419424,0.0267361
69.8,-0.41673,0.0271421
69.9,-0.413996,0.0275456
70,-0.411221,0.0279466
70.1,-0.408407,0.0283451
70.2,-0.405552,0.0287409
70.3,-0.402659,0.0291341
70.4,-0.399726,0.0295246
70.5,-0.396754,0.0299124
70.6,-0.393743,0.0302975
70.7,-0.390694,0.0306797
70.8,-0.387608,0.0310591
70.9,-0.384483,0.0314356
71,-0.38132,0.0318093
71.1,-0.378121,0.0321799
71.2,-0.374885,0.0325476
71.3,-0.371612,0.0329122
71.4,-0.368302,0.0332738
71.5,-0.364957,0.0336323
71.6,-0.361576,0.0339876
71.7,-0.35816,0.0343398
71.8,-0.354708,0.0346887
71.9,-0.351222,0.0350344
72,-0.347701,0.0353768
72.1,-0.344147,0.0357159
72.2,-0.340558,0.0360516
72.3,-0.336936,0.0363839
72.4,-0.333282,0.0367128
72.5,-0.329594,0.0370382
72.6,-0.325874,0.0373601
72.7,-0.322122,0.0376784
72.8,-0.318338,0.0379932
72.9,-0.314524,0.0383044
73,-0.310678,0.0386119
73.1,-0.306801,0.0389158
73.2,-0.302895,0.0392159
73.3,-0.298958,0.0395123
73.4,-0.294992,0.039805
73.5,-0.290997,0.0400938
73.6,-0.286974,0.0403788
73.7,-0.282922,0.0406599
73.8,-0.278842,0.0409371
73.9,-0.274734,0.0412104
74,-0.2706,0.0414797
74.1,-0.266439,0.041745
74.2,-0.262251,0.0420063
74.3,-0.258038,0.0422635
74.4,-0.253799,0.0425166
74.5,-0.249534,0.0427656
74.6,-0.245246,0.0430105
74.7,-0.240932,0.0432512
74.8,-0.236595,0.0434877
74.9,-0.232235,0.04372
75,-0.227852,0.043948
75.1,-0.223446,0.0441718
75.2,-0.219017,0.0443912
75.3,-0.214567,0.0446063
75.4,-0.210096,0.044817
75.5,-0.205604,0.0450234
75.6,-0.201092,0.0452253
75.7,-0.196559,0.0454229
75.8,-0.192007,0.0456159
75.9,-0.187436,0.0458045
76,-0.182847,0.0459886
76.1,-0.178239,0.0461682
76.2,-0.173613,0.0463432
76.3,-0.16897,0.0465136
76.4,-0.16431,0.0466795
76.5,-0.159634,0.0468408
76.6,-0.154942,0.0469974
76.7,-0.150235,0.0471494
76.8,-0.145513,0.0472967
76.9,-0.140776,0.0474394
77,-0.136025,0.0475774
77.1,-0.131261,0.0477106
77.2,-0.126483,0.0478391
77.3,-0.121693,0.0479629
77.4,-0.116891,0.0480819
77.5,-0.112077,0.0481961
77.6,-0.107252,0.0483056
77.7,-0.102416,0.0484102
77.8,-0.0975697,0.0485101
77.9,-0.0927139,0.0486051
78,-0.0878488,0.0486952
78.1,-0.082975,0.0487805
78.2,-0.0780929,0.048861
78.3,-0.073203,0.0489365
78.4,-0.0683058,0.0490072
78.5,-0.0634017,0.0490731
78.6,-0.0584913,0.049134
78.7,-0.0535751,0.04919
78.8,-0.0486535,0.0492411
78.9,-0.043727,0.0492872
79,-0.0387962,0.0493285
79.1,-0.0338615,0.0493648
79.2,-0.0289234,0.0493962
79.3,-0.0239824,0.0494226
79.4,-0.019039,0.0494442
79.5,-0.0140937,0.0494607
79.6,-0.00914705,0.0494723
79.7,-0.00419945,0.049479
79.8,0.000748583,0.0494807
79.9,0.00569654,0.0494775
80,0.0106439,0.0494693
80.1,0.0155902,0.0494562
80.2,0.020535,0.0494382
80.3,0.0254777,0.0494152
80.4,0.0304179,0.0493872
80.5,0.035355,0.0493543
80.6,0.0402886,0.0493165
80.7,0.0452181,0.0492738
80.8,0.0501432,0.0492261
80.9,0.0550632,0.0491735
81,0.0599777,0.049116
81.1,0.0648862,0.0490537
81.2,0.0697883,0.0489864
81.3,0.0746833,0.0489142
81.4,0.079571,0.0488371
81.5,0.0844506,0.0487552
81.6,0.0893218,0.0486684
81.7,0.0941841,0.0485768
81.8,0.099037,0.0484804
81.9,0.10388,0.0483791
82,0.108713,0.048273
82.1,0.113534,0.0481621
82.2,0.118345,0.0480464
82.3,0.123144,0.047926
82.4,0.12793,0.0478007
82.5,0.132704,0.0476708
82.6,0.137464,0.0475361
82.7,0.142211,0.0473967
82.8,0.146943,0.0472527
82.9,0.151661,0.0471039
83,0.156364,0.0469505
83.1,0.161051,0.0467925
83.2,0.165722,0.0466298
83.3,0.170377,0.0464625
83.4,0.175014,0.0462907
83.5,0.179635,0.0461143
83.6,0.184237,0.0459334
83.7,0.188821,0.0457479
83.8,0.193387,0.045558
83.9,0.197933,0.0453636
84,0.202459,0.0451647
84.1,0.206966,0.0449614
84.2,0.211451,0.0447537
84.3,0.215916,0.0445417
84.4,0.22036,0.0443252
84.5,0.224781,0.0441045
84.6,0.22918,0.0438795
84.7,0.233557,0.0436502
84.8,0.23791,0.0434166
84.9,0.24224,0.0431788
85,0.246546,0.0429369
85.1,0.250827,0.0426907
85.2,0.255084,0.0424405
85.3,0.259315,0.0421861
85.4,0.263521,0.0419276
85.5,0.267701,0.0416651
85.6,0.271854,0.0413986
85.7,0.27598,0.0411281
85.8,0.280079,0.0408536
85.9,0.284151,0.0405752
86,0.288194,0.040293
86.1,0.292209,0.0400068
86.2,0.296195,0.0397168
86.3,0.300152,0.0394231
86.4,0.30408,0.0391255
86.5,0.307977,0.0388242
86.6,0.311845,0.0385193
86.7,0.315681,0.0382106
86.8,0.319487,0.0378983
86.9,0.323261,0.0375825
87,0.327003,0.037263
87.1,0.330713,0.0369401
87.2,0.334391,0.0366136
87.3,0.338036,0.0362837
87.4,0.341648,0.0359504
87.5,0.345226,0.0356136
87.6,0.34877,0.0352735
87.7,0.35228,0.0349302
87.8,0.355756,0.0345835
87.9,0.359197,0.0342336
88,0.362603,0.0338804
88.1,0.365973,0.0335242
88.2,0.369307,0.0331647
88.3,0.372606,0.0328022
88.4,0.375868,0.0324367
88.5,0.379093,0.0320681
88.6,0.382281,0.0316965
88.7,0.385432,0.031322
88.8,0.388546,0.0309446
88.9,0.391621,0.0305644
89,0.394658,0.0301813
89.1,0.397657,0.0297954
89.2,0.400617,0.0294068
89.3,0.403538,0.0290154
89.4,0.40642,0.0286214
89.5,0.409263,0.0282248
89.6,0.412065,0.0278256
89.7,0.414828,0.0274238
89.8,0.41755,0.0270195
89.9,0.420232,0.0266128
90,0.422872,0.0262036
90.1,0.425472,0.025792
90.2,0.428031,0.0253781
90.3,0.430548,0.0249619
90.4,0.433023,0.0245434
90.5,0.435456,0.0241226
90.6,0.437847,0.0236997
90.7,0.440196,0.0232747
90.8,0.442502,0.0228475
90.9,0.444766,0.0224183
91,0.446986,0.021987
91.1,0.449163,0.0215538
91.2,0.451297,0.0211186
91.3,0.453387,0.0206816
91.4,0.455433,0.0202426
91.5,0.457435,0.0198019
91.6,0.459393,0.0193593
91.7,0.461307,0.0189151
91.8,0.463176,0.0184691
91.9,0.465001,0.0180215
92,0.46678,0.0175723
92.1,0.468515,0.0171215
92.2,0.470205,0.0166692
92.3,0.471849,0.0162154
92.4,0.473448,0.0157601
92.5,0.475001,0.0153035
92.6,0.476508,0.0148454
92.7,0.47797,0.0143861
92.8,0.479385,0.0139255
92.9,0.480755,0.0134637
93,0.482078,0.0130006
93.1,0.483355,0.0125364
93.2,0.484585,0.0120711
93.3,0.485769,0.0116048
93.4,0.486906,0.0111374
93.5,0.487997,0.010669
93.6,0.48904,0.0101997
93.7,0.490037,0.00972945
93.8,0.490986,0.00925837
93.9,0.491888,0.00878647
94,0.492743,0.0083138
94.1,0.493551,0.0078404
94.2,0.494311,0.0073663
94.3,0.495024,0.00689156
94.4,0.49569,0.00641621
94.5,0.496307,0.0059403
94.6,0.496878,0.00546386
94.7,0.4974,0.00498694
94.8,0.497875,0.00450959
94.9,0.498302,0.00403184
95,0.498681,0.00355373
95.1,0.499013,0.00307532
95.2,0.499296,0.00259663
95.3,0.499532,0.00211772
95.4,0.49972,0.00163861
95.5,0.49986,0.00115937
95.6,0.499952,0.000680023
95.7,0.499996,0.000200617
95.8,0.499992,-0.000278806
95.9,0.49994,-0.000758205
96,0.49984,-0.00123754
96.1,0.499693,-0.00171676
96.2,0.499497,-0.00219584
96.3,0.499253,-0.00267472
96.4,0.498962,-0.00315336
96.5,0.498623,-0.00363173
96.6,0.498236,-0.00410978
96.7,0.497801,-0.00458747
96.8,0.497318,-0.00506476
96.9,0.496788,-0.0055416
97,0.49621,-0.00601795
97.1,0.495584,-0.00649377
97.2,0.494911,-0.00696903
97.3,0.49419,-0.00744367
97.4,0.493422,-0.00791765
97.5,0.492607,-0.00839094
97.6,0.491744,-0.00886349
97.7,0.490834,-0.00933525
97.8,0.489877,-0.0098062
97.9,0.488873,-0.0102763
98,0.487822,-0.0107454
98.1,0.486724,-0.0112137
98.2,0.485579,-0.0116809
98.3,0.484388,-0.0121471
98.4,0.48315,-0.0126122
98.5,0.481865,-0.0130762
98.6,0.480535,-0.0135391
98.7,0.479158,-0.0140007
98.8,0.477735,-0.0144611
98.9,0.476266,-0.0149202
99,0.474751,-0.015378
99.1,0.47319,-0.0158345
99.2,0.471584,-0.0162895
99.3,0.469932,-0.016743
99.4,0.468235,-0.0171951
99.5,0.466493,-0.0176456
99.6,0.464706,-0.0180946
99.7,0.462874,-0.018542
99.8,0.460998,-0.0189876
99.9,0.459077,-0.0194316
100,0.457112,-0.0198739
100.1,0.455102,-0.0203143
100.2,0.453049,-0.020753
100.3,0.450952,-0.0211897
100.4,0.448811,-0.0216246
100.5,0.446627,-0.0220575
100.6,0.444399,-0.0224884
100.7,0.442129,-0.0229173
100.8,0.439816,-0.0233441
100.9,0.43746,-0.0237689
101,0.435062,-0.0241914
101.1,0.432622,-0.0246118
101.2,0.43014,-0.0250299
101.3,0.427616,-0.0254458
101.4,0.425051,-0.0258593
101.5,0.422444,-0.0262705
101.6,0.419797,-0.0266793
101.7,0.417109,-0.0270856
101.8,0.41438,-0.0274895
101.9,0.411611,-0.0278908
102,0.408802,-0.0282896
102.1,0.405953,-0.0286859
102.2,0.403065,-0.0290794
102.3,0.400137,-0.0294703
102.4,0.397171,-0.0298585
102.5,0.394166,-0.0302439
102.6,0.391122,-0.0306266
102.7,0.38804,-0.0310064
102.8,0.384921,-0.0313833
102.9,0.381764,-0.0317573
103,0.37857,-0.0321284
103.1,0.375338,-0.0324965
103.2,0.37207,-0.0328616
103.3,0.368766,-0.0332236
103.4,0.365426,-0.0335825
103.5,0.36205,-0.0339383
103.6,0.358638,-0.0342909
103.7,0.355192,-0.0346402
103.8,0.35171,-0.0349864
103.9,0.348194,-0.0353292
104,0.344644,-0.0356688
104.1,0.341061,-0.036005
104.2,0.337444,-0.0363377
104.3,0.333793,-0.0366671
104.4,0.33011,-0.036993
104.5,0.326395,-0.0373154
104.6,0.322647,-0.0376342
104.7,0.318868,-0.0379495
104.8,0.315058,-0.0382612
104.9,0.311216,-0.0385692
105,0.307344,-0.0388736
105.1,0.303441,-0.0391743
105.2,0.299509,-0.0394712
105.3,0.295547,-0.0397644
105.4,0.291556,-0.0400537
105.5,0.287537,-0.0403393
105.6,0.283489,-0.0406209
105.7,0.279413,-0.0408987
105.8,0.275309,-0.0411725
105.9,0.271178,-0.0414423
106,0.267021,-0.0417082
106.1,0.262837,-0.0419701
106.2,0.258627,-0.0422278
106.3,0.254391,-0.0424815
106.4,0.250131,-0.0427311
106.5,0.245845,-0.0429766
106.6,0.241535,-0.0432179
106.7,0.237202,-0.043455
106.8,0.232845,-0.0436878
106.9,0.228464,-0.0439165
107,0.224061,-0.0441408
107.1,0.219636,-0.0443608
107.2,0.215189,-0.0445765
107.3,0.210721,-0.0447879
107.4,0.206232,-0.0449949
107.5,0.201722,-0.0451974
107.6,0.197193,-0.0453956
107.7,0.192643,-0.0455893
107.8,0.188075,-0.0457785
107.9,0.183488,-0.0459632
108,0.178882,-0.0461434
108.1,0.174259,-0.046319
108.2,0.169619,-0.0464901
108.3,0.164961,-0.0466566
108.4,0.160288,-0.0468186
108.5,0.155598,-0.0469758
108.6,0.150893,-0.0471285
108.7,0.146172,-0.0472765
108.8,0.141437,-0.0474198
108.9,0.136689,-0.0475584
109,0.131926,-0.0476923
109.1,0.12715,-0.0478215
109.2,0.122362,-0.0479459
109.3,0.117561,-0.0480656
109.4,0.112749,-0.0481805
109.5,0.107925,-0.0482906
109.6,0.103091,-0.0483959
109.7,0.0982462,-0.0484964
109.8,0.0933918,-0.0485921
109.9,0.088528,-0.0486829
110,0.0836553,-0.0487689
110.1,0.0787744,-0.04885
110.2,0.0738855,-0.0489263
110.3,0.0689893,-0.0489977
110.4,0.0640861,-0.0490642
110.5,0.0591766,-0.0491258
110.6,0.0542611,-0.0491824
110.7,0.0493403,-0.0492342
110.8,0.0444145,-0.0492811
110.9,0.0394842,-0.049323
111,0.03455,-0.04936
111.1,0.0296124,-0.0493921
111.2,0.0246718,-0.0494192
111.3,0.0197287,-0.0494414
111.4,0.0147836,-0.0494587
111.5,0.00983711,-0.049471
111.6,0.0048896,-0.0494784
111.7,-5.84013e-05,-0.0494808
111.8,-0.0050064,-0.0494783
111.9,-0.00995389,-0.0494708
112,-0.0149004,-0.0494584
112.1,-0.0198454,-0.049441
112.2,-0.0247884,-0.0494187
112.3,-0.029729,-0.0493914
112.4,-0.0346665,-0.0493592
112.5,-0.0396006,-0.0493221
112.6,-0.0445308,-0.04928
112.7,-0.0494565,-0.0492331
112.8,-0.0543772,-0.0491812
112.9,-0.0592926,-0.0491244
113,-0.0642019,-0.0490627
113.1,-0.0691049,-0.048996
113.2,-0.074001,-0.0489246
113.3,-0.0788897,-0.0488482
113.4,-0.0837705,-0.0487669
113.5,-0.0886429,-0.0486808
113.6,-0.0935065,-0.0485899
113.7,-0.0983607,-0.0484941
113.8,-0.103205,-0.0483935
113.9,-0.108039,-0.0482881
114,-0.112863,-0.0481778
114.1,-0.117675,-0.0480628
114.2,-0.122475,-0.047943
114.3,-0.127263,-0.0478185
114.4,-0.132039,-0.0476892
114.5,-0.136801,-0.0475552
114.6,-0.141549,-0.0474165
114.7,-0.146284,-0.047273
114.8,-0.151004,-0.0471249
114.9,-0.155709,-0.0469722
115,-0.160398,-0.0468148
115.1,-0.165072,-0.0466528
115.2,-0.169729,-0.0464861
115.3,-0.174369,-0.0463149
115.4,-0.178991,-0.0461392
115.5,-0.183596,-0.0459589
115.6,-0.188183,-0.0457741
115.7,-0.192751,-0.0455847
115.8,-0.1973,-0.0453909
115.9,-0.201829,-0.0451927
116,-0.206338,-0.04499
116.1,-0.210827,-0.044783
116.2,-0.215295,-0.0445715
116.3,-0.219741,-0.0443557
116.4,-0.224166,-0.0441356
116.5,-0.228568,-0.0439111
116.6,-0.232948,-0.0436824
116.7,-0.237304,-0.0434494
116.8,-0.241637,-0.0432122
116.9,-0.245947,-0.0429709
117,-0.250231,-0.0427253
117.1,-0.254492,-0.0424756
117.2,-0.258726,-0.0422218
117.3,-0.262936,-0.0419639
117.4,-0.267119,-0.041702
117.5,-0.271276,-0.041436
117.6,-0.275406,-0.0411661
117.7,-0.279509,-0.0408922
117.8,-0.283585,-0.0406143
117.9,-0.287632,-0.0403326
118,-0.291651,-0.040047
118.1,-0.295641,-0.0397575
118.2,-0.299602,-0.0394643
118.3,-0.303534,-0.0391672
118.4,-0.307436,-0.0388665
118.5,-0.311307,-0.038562
118.6,-0.315148,-0.0382539
118.7,-0.318958,-0.0379421
118.8,-0.322736,-0.0376267
118.9,-0.326483,-0.0373078
119,-0.330198,-0.0369853
119.1,-0.33388,-0.0366594
119.2,-0.337529,-0.0363299
119.3,-0.341146,-0.0359971
119.4,-0.344729,-0.0356608
119.5,-0.348278,-0.0353212
119.6,-0.351793,-0.0349782
119.7,-0.355273,-0.034632
119.8,-0.358719,-0.0342826
119.9,-0.36213,-0.0339299
120,-0.365505,-0.033574
120.1,-0.368844,-0.0332151
120.2,-0.372148,-0.032853
120.3,-0.375415,-0.0324878
120.4,-0.378645,-0.0321197
120.5,-0.381839,-0.0317485
120.6,-0.384995,-0.0313744
120.7,-0.388114,-0.0309974
120.8,-0.391194,-0.0306176
120.9,-0.394237,-0.0302349
121,-0.397241,-0.0298494
121.1,-0.400207,-0.0294611
121.2,-0.403133,-0.0290702
121.3,-0.406021,-0.0286765
121.4,-0.408869,-0.0282803
121.5,-0.411677,-0.0278814
121.6,-0.414445,-0.02748
121.7,-0.417173,-0.0270761
121.8,-0.41986,-0.0266696
121.9,-0.422506,-0.0262608
122,-0.425112,-0.0258496
122.1,-0.427676,-0.025436
122.2,-0.430199,-0.0250201
122.3,-0.43268,-0.0246019
122.4,-0.435119,-0.0241815
122.5,-0.437516,-0.0237589
122.6,-0.439871,-0.0233341
122.7,-0.442183,-0.0229072
122.8,-0.444452,-0.0224783
122.9,-0.446679,-0.0220473
123,-0.448862,-0.0216143
123.1,-0.451002,-0.0211794
123.2,-0.453098,-0.0207426
123.3,-0.45515,-0.020304
123.4,-0.457158,-0.0198634
123.5,-0.459123,-0.0194212
123.6,-0.461043,-0.0189771
123.7,-0.462918,-0.0185314
123.8,-0.464749,-0.018084
123.9,-0.466535,-0.017635
124,-0.468276,-0.0171845
124.1,-0.469972,-0.0167323
124.2,-0.471622,-0.0162787
124.3,-0.473227,-0.0158237
124.4,-0.474787,-0.0153672
124.5,-0.476301,-0.0149094
124.6,-0.477769,-0.0144503
124.7,-0.479191,-0.0139898
124.8,-0.480567,-0.0135282
124.9,-0.481896,-0.0130653
125,-0.48318,-0.0126012
125.1,-0.484417,-0.0121361
125.2,-0.485607,-0.0116699
125.3,-0.48675,-0.0112026
125.4,-0.487847,-0.0107344
125.5,-0.488897,-0.0102652
125.6,-0.4899,-0.00979509
125.7,-0.490856,-0.00932413
125.8,-0.491765,-0.00885234
125.9,-0.492627,-0.00837977
126,-0.493441,-0.00790647
126.1,-0.494208,-0.00743247
126.2,-0.494928,-0.00695782
126.3,-0.4956,-0.00648255
126.4,-0.496224,-0.00600671
126.5,-0.496801,-0.00553035
126.6,-0.49733,-0.00505349
126.7,-0.497812,-0.0045762
126.8,-0.498245,-0.0040985
126.9,-0.498631,-0.00362044
127,-0.498969,-0.00314207
127.1,-0.49926,-0.00266341
127.2,-0.499502,-0.00218453
127.3,-0.499697,-0.00170545
127.4,-0.499843,-0.00122622
127.5,-0.499942,-0.00074689
127.6,-0.499993,-0.000267489
127.7,-0.499995,0.000211934
127.8,-0.49995,0.00069134
127.9,-0.499857,0.00117068
128,-0.499716,0.00164993
128.1,-0.499527,0.00212902
128.2,-0.49929,0.00260793
128.3,-0.499005,0.00308661
128.4,-0.498673,0.00356502
128.5,-0.498292,0.00404312
128.6,-0.497864,0.00452086
128.7,-0.497388,0.00499821
128.8,-0.496865,0.00547511
128.9,-0.496293,0.00595154
129,-0.495674,0.00642744
129.1,-0.495008,0.00690277
129.2,-0.494294,0.0073775
129.3,-0.493532,0.00785158
129.4,-0.492724,0.00832497
129.5,-0.491867,0.00879762
129.6,-0.490964,0.0092695
129.7,-0.490014,0.00974056
129.8,-0.489016,0.0102108
129.9,-0.487971,0.0106801
130,-0.48688,0.0111484
130.1,-0.485742,0.0116158
130.2,-0.484557,0.0120821
130.3,-0.483325,0.0125474
130.4,-0.482047,0.0130116
130.5,-0.480723,0.0134746
130.6,-0.479353,0.0139364
130.7,-0.477936,0.014397
130.8,-0.476473,0.0148563
130.9,-0.474965,0.0153143
131,-0.47341,0.0157709
131.1,-0.471811,0.0162261
131.2,-0.470165,0.0166799
131.3,-0.468475,0.0171321
131.4,-0.466739,0.0175829
131.5,-0.464958,0.0180321
131.6,-0.463132,0.0184797
131.7,-0.461262,0.0189256
131.8,-0.459347,0.0193698
131.9,-0.457388,0.0198123
132,-0.455385,0.020253
132.1,-0.453338,0.0206919
132.2,-0.451247,0.0211289
132.3,-0.449112,0.0215641
132.4,-0.446934,0.0219972
132.5,-0.444713,0.0224284
132.6,-0.442448,0.0228576
132.7,-0.440141,0.0232847
132.8,-0.437791,0.0237097
132.9,-0.435399,0.0241326
133,-0.432965,0.0245533
133.1,-0.430489,0.0249717
133.2,-0.427971,0.0253879
133.3,-0.425411,0.0258018
133.4,-0.42281,0.0262133
133.5,-0.420169,0.0266224
133.6,-0.417486,0.0270291
133.7,-0.414763,0.0274333
133.8,-0.411999,0.027835
133.9,-0.409196,0.0282342
134,-0.406353,0.0286307
134.1,-0.40347,0.0290247
134.2,-0.400548,0.029416
134.3,-0.397587,0.0298045
134.4,-0.394587,0.0301903
134.5,-0.391549,0.0305734
134.6,-0.388473,0.0309536
134.7,-0.385358,0.0313309
134.8,-0.382206,0.0317053
134.9,-0.379017,0.0320768
135,-0.375791,0.0324453
135.1,-0.372528,0.0328108
135.2,-0.369229,0.0331733
135.3,-0.365894,0.0335326
135.4,-0.362523,0.0338888
135.5,-0.359116,0.0342419
135.6,-0.355674,0.0345917
135.7,-0.352198,0.0349383
135.8,-0.348687,0.0352816
135.9,-0.345142,0.0356216
136,-0.341563,0.0359583
136.1,-0.33795,0.0362915
136.2,-0.334304,0.0366214
136.3,-0.330626,0.0369477
136.4,-0.326915,0.0372706
136.5,-0.323172,0.03759
136.6,-0.319397,0.0379058
136.7,-0.315591,0.0382179
136.8,-0.311754,0.0385265
136.9,-0.307886,0.0388314
137,-0.303988,0.0391326
137.1,-0.300059,0.03943
137.2,-0.296102,0.0397237
137.3,-0.292115,0.0400136
137.4,-0.288099,0.0402997
137.5,-0.284055,0.0405819
137.6,-0.279983,0.0408602
137.7,-0.275883,0.0411345
137.8,-0.271756,0.0414049
137.9,-0.267602,0.0416714
138,-0.263422,0.0419338
138.1,-0.259216,0.0421921
138.2,-0.254984,0.0424464
138.3,-0.250726,0.0426966
138.4,-0.246444,0.0429426
138.5,-0.242138,0.0431845
138.6,-0.237808,0.0434222
138.7,-0.233454,0.0436556
138.8,-0.229077,0.0438848
138.9,-0.224677,0.0441098
139,-0.220255,0.0443304
139.1,-0.215811,0.0445467
139.2,-0.211346,0.0447587
139.3,-0.206859,0.0449663
139.4,-0.202353,0.0451694
139.5,-0.197826,0.0453682
139.6,-0.193279,0.0455625
139.7,-0.188713,0.0457523
139.8,-0.184129,0.0459377
139.9,-0.179526,0.0461185
140,-0.174905,0.0462948
140.1,-0.170267,0.0464665
140.2,-0.165612,0.0466337
140.3,-0.160941,0.0467962
140.4,-0.156253,0.0469542
140.5,-0.15155,0.0471075
140.6,-0.146832,0.0472561
140.7,-0.142099,0.0474001
140.8,-0.137352,0.0475394
140.9,-0.132591,0.0476739
141,-0.127817,0.0478038
141.1,-0.12303,0.0479288
141.2,-0.118232,0.0480492
141.3,-0.113421,0.0481648
141.4,-0.108599,0.0482755
141.5,-0.103766,0.0483815
141.6,-0.0989226,0.0484827
141.7,-0.0940695,0.048579
141.8,-0.0892069,0.0486706
141.9,-0.0843355,0.0487572
142,-0.0794557,0.048839
142.1,-0.0745679,0.048916
142.2,-0.0696726,0.048988
142.3,-0.0647704,0.0490552
142.4,-0.0598618,0.0491175
142.5,-0.0549471,0.0491748
142.6,-0.050027,0.0492273
142.7,-0.0451018,0.0492748
142.8,-0.0401722,0.0493175
142.9,-0.0352385,0.0493552
143,-0.0303013,0.0493879
143.1,-0.0253611,0.0494158
143.2,-0.0204183,0.0494386
143.3,-0.0154735,0.0494566
143.4,-0.0105271,0.0494696
143.5,-0.00557974,0.0494776
143.6,-0.000631781,0.0494808
143.7,0.00431624,0.0494789
143.8,0.00926384,0.0494721
143.9,0.0142105,0.0494604
144,0.0191557,0.0494437
144.1,0.0240991,0.0494221
144.2,0.02904,0.0493955
144.3,0.033978,0.049364
144.4,0.0389126,0.0493276
144.5,0.0438434,0.0492862
144.6,0.0487697,0.0492399
144.7,0.0536912,0.0491887
144.8,0.0586073,0.0491326
144.9,0.0635175,0.0490716
145,0.0684214,0.0490056
145.1,0.0733185,0.0489348
145.2,0.0782082,0.0488591
145.3,0.0830902,0.0487786
145.4,0.0879638,0.0486931
145.5,0.0928286,0.0486029
145.6,0.0976842,0.0485078
145.7,0.10253,0.0484078
145.8,0.107366,0.0483031
145.9,0.11219,0.0481935
146,0.117004,0.0480792
146.1,0.121806,0.04796
146.2,0.126596,0.0478361
146.3,0.131373,0.0477075
146.4,0.136137,0.0475742
146.5,0.140888,0.0474361
146.6,0.145624,0.0472933
146.7,0.150346,0.0471459
146.8,0.155053,0.0469938
146.9,0.159745,0.046837
147,0.164421,0.0466756
147.1,0.16908,0.0465097
147.2,0.173722,0.0463391
147.3,0.178348,0.046164
147.4,0.182955,0.0459843
147.5,0.187544,0.0458001
147.6,0.192115,0.0456114
147.7,0.196666,0.0454182
147.8,0.201198,0.0452206
147.9,0.20571,0.0450186
148,0.210202,0.0448121
148.1,0.214673,0.0446013
148.2,0.219122,0.0443861
148.3,0.22355,0.0441665
148.4,0.227955,0.0439427
148.5,0.232338,0.0437146
148.6,0.236698,0.0434822
148.7,0.241034,0.0432456
148.8,0.245347,0.0430048
148.9,0.249635,0.0427598
149,0.253899,0.0425107
149.1,0.258137,0.0422574
149.2,0.26235,0.0420001
149.3,0.266537,0.0417388
149.4,0.270698,0.0414734
149.5,0.274832,0.041204
149.6,0.278938,0.0409306
149.7,0.283018,0.0406533
149.8,0.287069,0.0403721
149.9,0.291092,0.040087
150,0.295086,0.0397981
150.1,0.299052,0.0395054
150.2,0.302987,0.0392089
150.3,0.306893,0.0389087
150.4,0.310769,0.0386047
150.5,0.314614,0.0382971
150.6,0.318428,0.0379858
150.7,0.322211,0.0376709
150.8,0.325962,0.0373525
150.9,0.329681,0.0370305
151,0.333368,0.036705
151.1,0.337022,0.0363761
151.2,0.340643,0.0360437
151.3,0.344231,0.0357079
151.4,0.347785,0.0353688
151.5,0.351305,0.0350263
151.6,0.35479,0.0346805
151.7,0.358241,0.0343315
151.8,0.361656,0.0339793
151.9,0.365036,0.0336239
152,0.368381,0.0332653
152.1,0.371689,0.0329037
152.2,0.374961,0.032539
152.3,0.378197,0.0321712
152.4,0.381396,0.0318005
152.5,0.384557,0.0314268
152.6,0.387681,0.0310502
152.7,0.390767,0.0306707
152.8,0.393815,0.0302884
152.9,0.396824,0.0299033
153,0.399795,0.0295154
153.1,0.402727,0.0291249
153.2,0.40562,0.0287316
153.3,0.408474,0.0283357
153.4,0.411287,0.0279372
153.5,0.414061,0.0275361
153.6,0.416795,0.0271325
153.7,0.419487,0.0267265
153.8,0.42214,0.026318
153.9,0.424751,0.0259071
154,0.427321,0.0254938
154.1,0.42985,0.0250782
154.2,0.432337,0.0246603
154.3,0.434782,0.0242402
154.4,0.437185,0.0238179
154.5,0.439545,0.0233935
154.6,0.441863,0.0229669
154.7,0.444139,0.0225382
154.8,0.446371,0.0221075
154.9,0.44856,0.0216749
155,0.450706,0.0212402
155.1,0.452808,0.0208037
155.2,0.454866,0.0203653
155.3,0.456881,0.019925
155.4,0.458851,0.019483
155.5,0.460777,0.0190392
155.6,0.462659,0.0185937
155.7,0.464496,0.0181465
155.8,0.466288,0.0176978
155.9,0.468036,0.0172474
156,0.469738,0.0167955
156.1,0.471395,0.0163421
156.2,0.473006,0.0158873
156.3,0.474572,0.015431
156.4,0.476092,0.0149734
156.5,0.477567,0.0145144
156.6,0.478995,0.0140541
156.7,0.480378,0.0135926
156.8,0.481714,0.0131299
156.9,0.483003,0.012666
157,0.484247,0.012201
157.1,0.485444,0.011735
157.2,0.486594,0.0112679
157.3,0.487697,0.0107998
157.4,0.488754,0.0103307
157.5,0.489763,0.00986071
157.6,0.490726,0.00938987
157.7,0.491641,0.0089182
157.8,0.492509,0.00844574
157.9,0.49333,0.00797253
158,0.494104,0.00749863
158.1,0.49483,0.00702406
158.2,0.495509,0.00654888
158.3,0.49614,0.00607312
158.4,0.496723,0.00559682
158.5,0.497259,0.00512003
158.6,0.497747,0.0046428
158.7,0.498188,0.00416515
158.8,0.49858,0.00368714
158.9,0.498925,0.00320881
159,0.499222,0.00273019
159.1,0.499471,0.00225134
159.2,0.499672,0.00177229
159.3,0.499826,0.00129308
159.4,0.499931,0.000813754
159.5,0.499988,0.000334361
159.6,0.499998,-0.000145062
159.7,0.499959,-0.000624472
159.8,0.499873,-0.00110383
159.9,0.499739,-0.00158309
160,0.499556,-0.00206221
160.1,0.499326,-0.00254114
160.2,0.499048,-0.00301986
160.3,0.498722,-0.00349831
160.4,0.498348,-0.00397645
160.5,0.497927,-0.00445425
160.6,0.497458,-0.00493165
160.7,0.496941,-0.00540862
160.8,0.496376,-0.00588511
160.9,0.495764,-0.00636109
161,0.495104,-0.00683651
161.1,0.494396,-0.00731132
161.2,0.493641,-0.00778549
161.3,0.492839,-0.00825898
161.4,0.49199,-0.00873174
161.5,0.491093,-0.00920373
161.6,0.490149,-0.0096749
161.7,0.489158,-0.0101452
161.8,0.48812,-0.0106147
161.9,0.487035,-0.0110831
162,0.485903,-0.0115507
162.1,0.484725,-0.0120171
162.2,0.4835,-0.0124826
162.3,0.482228,-0.0129469
162.4,0.480911,-0.0134101
162.5,0.479546,-0.0138721
162.6,0.478136,-0.0143328
162.7,0.47668,-0.0147923
162.8,0.475178,-0.0152505
162.9,0.47363,-0.0157073
163,0.472036,-0.0161627
163.1,0.470397,-0.0166167
163.2,0.468713,-0.0170691
163.3,0.466984,-0.0175201
163.4,0.465209,-0.0179695
163.5,0.46339,-0.0184173
163.6,0.461526,-0.0188635
163.7,0.459617,-0.0193079
163.8,0.457664,-0.0197507
163.9,0.455667,-0.0201916
164,0.453626,-0.0206308
164.1,0.451541,-0.0210681
164.2,0.449412,-0.0215035
164.3,0.44724,-0.0219369
164.4,0.445025,-0.0223684
164.5,0.442767,-0.0227979
164.6,0.440466,-0.0232253
164.7,0.438122,-0.0236506
164.8,0.435736,-0.0240738
164.9,0.433307,-0.0244947
165,0.430837,-0.0249135
165.1,0.428324,-0.02533
165.2,0.425771,-0.0257442
165.3,0.423176,-0.026156
165.4,0.42054,-0.0265655
165.5,0.417863,-0.0269725
165.6,0.415145,-0.0273771
165.7,0.412387,-0.0277791
165.8,0.409589,-0.0281787
165.9,0.406752,-0.0285756
166,0.403874,-0.0289699
166.1,0.400958,-0.0293615
166.2,0.398002,-0.0297505
166.3,0.395008,-0.0301367
166.4,0.391975,-0.0305201
166.5,0.388904,-0.0309007
166.6,0.385795,-0.0312784
166.7,0.382648,-0.0316533
166.8,0.379464,-0.0320252
166.9,0.376243,-0.0323941
167,0.372986,-0.03276
167.1,0.369691,-0.0331229
167.2,0.366361,-0.0334827
167.3,0.362995,-0.0338393
167.4,0.359593,-0.0341928
167.5,0.356157,-0.0345431
167.6,0.352685,-0.0348901
167.7,0.349179,-0.0352339
167.8,0.345638,-0.0355744
167.9,0.342064,-0.0359115
168,0.338456,-0.0362452
168.1,0.334815,-0.0365756
168.2,0.331141,-0.0369024
168.3,0.327435,-0.0372258
168.4,0.323696,-0.0375456
168.5,0.319926,-0.0378619
168.6,0.316124,-0.0381746
168.7,0.312291,-0.0384837
168.8,0.308427,-0.0387891
168.9,0.304533,-0.0390908
169,0.300609,-0.0393888
169.1,0.296655,-0.039683
169.2,0.292673,-0.0399734
169.3,0.288661,-0.04026
169.4,0.284621,-0.0405427
169.5,0.280552,-0.0408216
169.6,0.276457,-0.0410965
169.7,0.272333,-0.0413675
169.8,0.268183,-0.0416344
169.9,0.264007,-0.0418974
170,0.259804,-0.0421563
170.1,0.255575,-0.0424112
170.2,0.251322,-0.0426619
170.3,0.247043,-0.0429085
170.4,0.24274,-0.043151
170.5,0.238413,-0.0433893
170.6,0.234062,-0.0436233
170.7,0.229689,-0.0438531
170.8,0.225292,-0.0440786
170.9,0.220873,-0.0442999
171,0.216432,-0.0445168
171.1,0.21197,-0.0447294
171.2,0.207486,-0.0449376
171.3,0.202982,-0.0451414
171.4,0.198458,-0.0453407
171.5,0.193914,-0.0455357
171.6,0.189351,-0.0457261
171.7,0.184769,-0.0459121
171.8,0.180169,-0.0460936
171.9,0.175551,-0.0462705
172,0.170915,-0.0464429
172.1,0.166262,-0.0466107
172.2,0.161593,-0.0467739
172.3,0.156908,-0.0469324
172.4,0.152207,-0.0470864
172.5,0.147491,-0.0472357
172.6,0.14276,-0.0473803
172.7,0.138015,-0.0475202
172.8,0.133256,-0.0476554
172.9,0.128484,-0.0477859
173,0.123699,-0.0479117
173.1,0.118902,-0.0480327
173.2,0.114093,-0.0481489
173.3,0.109272,-0.0482604
173.4,0.104441,-0.048367
173.5,0.0995988,-0.0484689
173.6,0.094747,-0.0485659
173.7,0.0898857,-0.0486581
173.8,0.0850155,-0.0487454
173.9,0.0801368,-0.0488279
174,0.0752501,-0.0489055
174.1,0.0703559,-0.0489783
174.2,0.0654546,-0.0490461
174.3,0.0605468,-0.0491091
174.4,0.055633,-0.0491671
174.5,0.0507136,-0.0492203
174.6,0.0457891,-0.0492685
174.7,0.04086,-0.0493118
174.8,0.0359269,-0.0493502
174.9,0.0309901,-0.0493837
175,0.0260503,-0.0494122
175.1,0.0211079,-0.0494358
175.2,0.0161633,-0.0494544
175.3,0.0112172,-0.0494681
175.4,0.00626987,-0.0494768
175.5,0.00132196,-0.0494806
175.6,-0.00362608,-0.0494795
175.7,-0.00857377,-0.0494734
175.8,-0.0135206,-0.0494623
175.9,-0.0184661,-0.0494463
176,-0.0234097,-0.0494254
176.1,-0.028351,-0.0493995
176.2,-0.0332894,-0.0493687
176.3,-0.0382246,-0.0493329
176.4,-0.0431559,-0.0492923
176.5,-0.0480828,-0.0492467
176.6,-0.053005,-0.0491961
176.7,-0.0579219,-0.0491407
176.8,-0.062833,-0.0490804
176.9,-0.0677378,-0.0490151
177,-0.0726359,-0.048945
177.1,-0.0775266,-0.04887
177.2,-0.0824097,-0.0487901
177.3,-0.0872845,-0.0487054
177.4,-0.0921506,-0.0486158
177.5,-0.0970075,-0.0485213
177.6,-0.101855,-0.048422
177.7,-0.106692,-0.048318
177.8,-0.111518,-0.0482091
177.9,-0.116333,-0.0480954
178,-0.121137,-0.0479769
178.1,-0.125929,-0.0478537
178.2,-0.130708,-0.0477257
178.3,-0.135474,-0.047593
178.4,-0.140226,-0.0474556
178.5,-0.144965,-0.0473135
178.6,-0.149689,-0.0471667
178.7,-0.154398,-0.0470153
178.8,-0.159092,-0.0468592
178.9,-0.163769,-0.0466984
179,-0.168431,-0.0465331
179.1,-0.173076,-0.0463632
179.2,-0.177704,-0.0461887
179.3,-0.182314,-0.0460096
179.4,-0.186905,-0.0458261
179.5,-0.191479,-0.045638
179.6,-0.196033,-0.0454455
179.7,-0.200568,-0.0452484
179.8,-0.205082,-0.045047
179.9,-0.209577,-0.0448412
180,-0.21405,-0.0446309
180.1,-0.218503,-0.0444163
180.2,-0.222934,-0.0441974
180.3,-0.227342,-0.0439742
180.4,-0.231728,-0.0437466
180.5,-0.236091,-0.0435148
180.6,-0.240431,-0.0432788
180.7,-0.244747,-0.0430386
180.8,-0.249039,-0.0427942
180.9,-0.253306,-0.0425457
181,-0.257548,-0.042293
181.1,-0.261764,-0.0420363
181.2,-0.265955,-0.0417755
181.3,-0.270119,-0.0415106
181.4,-0.274257,-0.0412418
181.5,-0.278367,-0.040969
181.6,-0.28245,-0.0406922
181.7,-0.286506,-0.0404116
181.8,-0.290533,-0.040127
181.9,-0.294531,-0.0398386
182,-0.2985,-0.0395464
182.1,-0.30244,-0.0392505
182.2,-0.30635,-0.0389508
182.3,-0.31023,-0.0386473
182.4,-0.314079,-0.0383402
182.5,-0.317898,-0.0380295
182.6,-0.321685,-0.0377151
182.7,-0.325441,-0.0373971
182.8,-0.329165,-0.0370756
182.9,-0.332856,-0.0367506
183,-0.336515,-0.0364222
183.1,-0.34014,-0.0360903
183.2,-0.343733,-0.0357549
183.3,-0.347291,-0.0354163
183.4,-0.350816,-0.0350742
183.5,-0.354306,-0.0347289
183.6,-0.357761,-0.0343804
183.7,-0.361182,-0.0340286
183.8,-0.364567,-0.0336736
183.9,-0.367916,-0.0333155
184,-0.37123,-0.0329543
184.1,-0.374507,-0.03259
184.2,-0.377748,-0.0322227
184.3,-0.380952,-0.0318524
184.4,-0.384118,-0.0314791
184.5,-0.387247,-0.0311029
184.6,-0.390339,-0.0307238
184.7,-0.393392,-0.0303419
184.8,-0.396407,-0.0299572
184.9,-0.399383,-0.0295697
185,-0.402321,-0.0291795
185.1,-0.405219,-0.0287866
185.2,-0.408078,-0.0283911
185.3,-0.410897,-0.0279929
185.4,-0.413677,-0.0275922
185.5,-0.416416,-0.027189
185.6,-0.419114,-0.0267833
185.7,-0.421772,-0.0263751
185.8,-0.424389,-0.0259645
185.9,-0.426965,-0.0255516
186,-0.429499,-0.0251363
186.1,-0.431992,-0.0247188
186.2,-0.434443,-0.024299
186.3,-0.436852,-0.023877
186.4,-0.439218,-0.0234528
186.5,-0.441542,-0.0230265
186.6,-0.443824,-0.0225981
186.7,-0.446062,-0.0221677
186.8,-0.448257,-0.0217353
186.9,-0.450409,-0.021301
187,-0.452517,-0.0208647
187.1,-0.454582,-0.0204265
187.2,-0.456603,-0.0199865
187.3,-0.458579,-0.0195447
187.4,-0.460511,-0.0191012
187.5,-0.462399,-0.0186559
187.6,-0.464243,-0.018209
187.7,-0.466041,-0.0177604
187.8,-0.467795,-0.0173103
187.9,-0.469503,-0.0168586
188,-0.471166,-0.0164054
188.1,-0.472784,-0.0159508
188.2,-0.474356,-0.0154947
188.3,-0.475883,-0.0150373
188.4,-0.477364,-0.0145785
188.5,-0.478799,-0.0141184
188.6,-0.480187,-0.0136571
188.7,-0.48153,-0.0131945
188.8,-0.482826,-0.0127308
188.9,-0.484076,-0.012266
189,-0.485279,-0.0118
189.1,-0.486436,-0.0113331
189.2,-0.487546,-0.0108651
189.3,-0.488609,-0.0103962
189.4,-0.489625,-0.00992632
189.5,-0.490594,-0.00945559
189.6,-0.491516,-0.00898403
189.7,-0.492391,-0.00851168
189.8,-0.493219,-0.00803858
189.9,-0.493999,-0.00756477
190,-0.494732,-0.00709029
190.1,-0.495417,-0.00661519
190.2,-0.496055,-0.00613951
190.3,-0.496645,-0.00566329
190.4,-0.497187,-0.00518657
190.5,-0.497682,-0.00470939
190.6,-0.498129,-0.0042318
190.7,-0.498528,-0.00375384
190.8,-0.49888,-0.00327555
190.9,-0.499184,-0.00279697
191,-0.499439,-0.00231814
191.1,-0.499647,-0.00183912
191.2,-0.499807,-0.00135993
191.3,-0.499919,-0.000880618
191.4,-0.499983,-0.000401232
191.5,-0.499999,7.81897e-05
191.6,-0.499968,0.000557604
191.7,-0.499888,0.00103697
191.8,-0.49976,0.00151624
191.9,-0.499585,0.00199539
192,-0.499361,0.00247435
192.1,-0.49909,0.0029531
192.2,-0.49877,0.00343159
192.3,-0.498403,0.00390978
192.4,-0.497989,0.00438762
192.5,-0.497526,0.00486508
192.6,-0.497016,0.00534212
192.7,-0.496458,0.00581868
192.8,-0.495852,0.00629473
192.9,-0.495199,0.00677023
193,-0.494498,0.00724513
193.1,-0.49375,0.00771939
193.2,-0.492954,0.00819298
193.3,-0.492111,0.00866584
193.4,-0.491221,0.00913794
193.5,-0.490283,0.00960923
193.6,-0.489299,0.0100797
193.7,-0.488268,0.0105492
193.8,-0.487189,0.0110179
193.9,-0.486064,0.0114855
194,-0.484892,0.0119521
194.1,-0.483674,0.0124177
194.2,-0.482409,0.0128822
194.3,-0.481097,0.0133455
194.4,-0.47974,0.0138077
194.5,-0.478336,0.0142686
194.6,-0.476886,0.0147283
194.7,-0.47539,0.0151866
194.8,-0.473849,0.0156436
194.9,-0.472261,0.0160992
195,-0.470629,0.0165534
195.1,-0.468951,0.0170061
195.2,-0.467228,0.0174573
195.3,-0.465459,0.0179069
195.4,-0.463646,0.018355
195.5,-0.461788,0.0188013
195.6,-0.459886,0.019246
195.7,-0.457939,0.019689
195.8,-0.455948,0.0201302
195.9,-0.453913,0.0205696
196,-0.451834,0.0210072
196.1,-0.449712,0.0214429
196.2,-0.447546,0.0218766
196.3,-0.445337,0.0223084
196.4,-0.443084,0.0227381
196.5,-0.440789,0.0231658
196.6,-0.438451,0.0235914
196.7,-0.436071,0.0240149
196.8,-0.433648,0.0244361
196.9,-0.431184,0.0248552
197,-0.428677,0.025272
197.1,-0.426129,0.0256865
197.2,-0.42354,0.0260987
197.3,-0.42091,0.0265085
197.4,-0.418239,0.0269159
197.5,-0.415527,0.0273208
197.6,-0.412774,0.0277232
197.7,-0.409982,0.0281231
197.8,-0.40715,0.0285204
197.9,-0.404278,0.0289151
198,-0.401367,0.0293071
198.1,-0.398417,0.0296964
198.2,-0.395428,0.030083
198.3,-0.3924,0.0304668
198.4,-0.389335,0.0308478
198.5,-0.386231,0.0312259
198.6,-0.383089,0.0316012
198.7,-0.379911,0.0319735
198.8,-0.376695,0.0323428
198.9,-0.373442,0.0327092
199,-0.370153,0.0330725
199.1,-0.366828,0.0334327
199.2,-0.363467,0.0337898
199.3,-0.36007,0.0341437
199.4,-0.356638,0.0344944
199.5,-0.353171,0.0348419
199.6,-0.34967,0.0351862
199.7,-0.346134,0.0355271
199.8,-0.342564,0.0358647
199.9,-0.338961,0.0361989
200,-0.335325,0.0365297
200.1,-0.331655,0.036857
200.2,-0.327954,0.0371809
200.3,-0.324219,0.0375012
200.4,-0.320453,0.037818
200.5,-0.316656,0.0381312
200.6,-0.312827,0.0384408
200.7,-0.308968,0.0387467
200.8,-0.305078,0.0390489
200.9,-0.301158,0.0393474
201,-0.297209,0.0396422
201.1,-0.29323,0.0399331
201.2,-0.289222,0.0402203
201.3,-0.285186,0.0405035
201.4,-0.281122,0.0407829
201.5,-0.27703,0.0410584
201.6,-0.27291,0.0413299
201.7,-0.268764,0.0415974
201.8,-0.264591,0.041861
201.9,-0.260392,0.0421205
202,-0.256167,0.0423759
202.1,-0.251917,0.0426272
202.2,-0.247641,0.0428744
202.3,-0.243342,0.0431174
202.4,-0.239018,0.0433563
202.5,-0.234671,0.0435909
202.6,-0.2303,0.0438213
202.7,-0.225907,0.0440474
202.8,-0.221491,0.0442693
202.9,-0.217053,0.0444868
203,-0.212594,0.0447
203.1,-0.208113,0.0449088
203.2,-0.203612,0.0451132
203.3,-0.199091,0.0453132
203.4,-0.194549,0.0455088
203.5,-0.189989,0.0456998
203.6,-0.18541,0.0458864
203.7,-0.180812,0.0460685
203.8,-0.176196,0.0462461
203.9,-0.171563,0.0464191
204,-0.166912,0.0465875
204.1,-0.162245,0.0467514
204.2,-0.157562,0.0469106
204.3,-0.152863,0.0470652
204.4,-0.148149,0.0472151
204.5,-0.143421,0.0473604
204.6,-0.138677,0.047501
204.7,-0.133921,0.0476369
204.8,-0.12915,0.047768
204.9,-0.124367,0.0478944
205,-0.119571,0.0480161
205.1,-0.114764,0.048133
205.2,-0.109945,0.0482451
205.3,-0.105115,0.0483524
205.4,-0.100275,0.048455
205.5,-0.0954243,0.0485527
205.6,-0.0905644,0.0486455
205.7,-0.0856954,0.0487335
205.8,-0.0808178,0.0488167
205.9,-0.0759322,0.048895
206,-0.071039,0.0489684
206.1,-0.0661387,0.0490369
206.2,-0.0612318,0.0491006
206.3,-0.0563187,0.0491593
206.4,-0.0514001,0.0492132
206.5,-0.0464763,0.0492621
206.6,-0.0415478,0.0493061
206.7,-0.0366152,0.0493451
206.8,-0.0316789,0.0493793
206.9,-0.0267395,0.0494085
207,-0.0217974,0.0494328
207.1,-0.0168531,0.0494521
207.2,-0.0119072,0.0494665
207.3,-0.00696,0.0494759
207.4,-0.00201214,0.0494804
207.5,0.00293592,0.0494799
207.6,0.00788368,0.0494745
207.7,0.0128307,0.0494642
207.8,0.0177763,0.0494489
207.9,0.0227203,0.0494286
208,0.0276619,0.0494034
208.1,0.0326008,0.0493733
208.2,0.0375364,0.0493382
208.3,0.0424683,0.0492982
208.4,0.0473959,0.0492533
208.5,0.0523188,0.0492035
208.6,0.0572364,0.0491487
208.7,0.0621483,0.0490891
208.8,0.0670541,0.0490245
208.9,0.0719531,0.0489551
209,0.0768449,0.0488807
209.1,0.0817291,0.0488015
209.2,0.0866051,0.0487175
209.3,0.0914724,0.0486285
209.4,0.0963306,0.0485348
209.5,0.101179,0.0484362
209.6,0.106018,0.0483328
209.7,0.110846,0.0482245
209.8,0.115662,0.0481115
209.9,0.120468,0.0479937
210,0.125261,0.0478712
210.1,0.130042,0.0477439
210.2,0.13481,0.0476118
210.3,0.139564,0.0474751
210.4,0.144304,0.0473336
210.5,0.149031,0.0471875
210.6,0.153742,0.0470367
210.7,0.158438,0.0468812
210.8,0.163118,0.0467211
210.9,0.167782,0.0465564
211,0.172429,0.0463871
211.1,0.177059,0.0462133
211.2,0.181672,0.0460349
211.3,0.186266,0.0458519
211.4,0.190842,0.0456645
211.5,0.195399,0.0454726
211.6,0.199936,0.0452762
211.7,0.204454,0.0450754
211.8,0.208951,0.0448701
211.9,0.213428,0.0446605
212,0.217883,0.0444465
212.1,0.222317,0.0442282
212.2,0.226729,0.0440056
212.3,0.231118,0.0437786
212.4,0.235484,0.0435474
212.5,0.239827,0.043312
212.6,0.244146,0.0430724
212.7,0.248441,0.0428286
212.8,0.252712,0.0425806
212.9,0.256957,0.0423285
213,0.261178,0.0420723
213.1,0.265372,0.0418121
213.2,0.26954,0.0415478
213.3,0.273681,0.0412795
213.4,0.277796,0.0410073
213.5,0.281883,0.0407311
213.6,0.285942,0.0404509
213.7,0.289973,0.0401669
213.8,0.293975,0.0398791
213.9,0.297948,0.0395874
214,0.301892,0.039292
214.1,0.305807,0.0389928
214.2,0.309691,0.0386899
214.3,0.313544,0.0383833
214.4,0.317367,0.038073
214.5,0.321159,0.0377592
214.6,0.324919,0.0374417
214.7,0.328647,0.0371207
214.8,0.332343,0.0367962
214.9,0.336006,0.0364682
215,0.339637,0.0361368
215.1,0.343233,0.0358019
215.2,0.346797,0.0354637
215.3,0.350326,0.0351222
215.4,0.353821,0.0347773
215.5,0.357281,0.0344292
215.6,0.360707,0.0340779
215.7,0.364097,0.0337233
215.8,0.367451,0.0333657
215.9,0.37077,0.0330049
216,0.374052,0.032641
216.1,0.377298,0.0322741
216.2,0.380507,0.0319042
216.3,0.383679,0.0315313
216.4,0.386813,0.0311555
216.5,0.38991,0.0307769
216.6,0.392968,0.0303953
216.7,0.395989,0.030011
216.8,0.398971,0.0296239
216.9,0.401913,0.0292341
217,0.404817,0.0288416
217.1,0.407682,0.0284464
217.2,0.410506,0.0280486
217.3,0.413291,0.0276483
217.4,0.416036,0.0272454
217.5,0.41874,0.02684
217.6,0.421404,0.0264322
217.7,0.424027,0.0260219
217.8,0.426608,0.0256093
217.9,0.429148,0.0251944
218,0.431647,0.0247771
218.1,0.434104,0.0243577
218.2,0.436519,0.023936
218.3,0.438891,0.0235121
218.4,0.441221,0.0230861
218.5,0.443508,0.022658
218.6,0.445752,0.0222279
218.7,0.447954,0.0217958
218.8,0.450111,0.0213617
218.9,0.452226,0.0209256
219,0.454297,0.0204877
219.1,0.456323,0.020048
219.2,0.458306,0.0196065
219.3,0.460245,0.0191632
219.4,0.462139,0.0187181
219.5,0.463988,0.0182714
219.6,0.465793,0.0178231
219.7,0.467553,0.0173732
219.8,0.469267,0.0169217
219.9,0.470937,0.0164687
220,0.472561,0.0160143
220.1,0.47414,0.0155584
220.2,0.475673,0.0151012
220.3,0.47716,0.0146426
220.4,0.478601,0.0141827
220.5,0.479997,0.0137215
220.6,0.481346,0.0132591
220.7,0.482648,0.0127956
220.8,0.483905,0.0123309
220.9,0.485114,0.0118651
221,0.486278,0.0113983
221.1,0.487394,0.0109304
221.2,0.488464,0.0104616
221.3,0.489486,0.00999191
221.4,0.490462,0.0095213
221.5,0.491391,0.00904986
221.6,0.492272,0.00857761
221.7,0.493106,0.00810461
221.8,0.493893,0.0076309
221.9,0.494632,0.00715651
222,0.495324,0.0066815
222.1,0.495969,0.00620589
222.2,0.496565,0.00572974
222.3,0.497114,0.00525309
222.4,0.497616,0.00477598
222.5,0.49807,0.00429844
222.6,0.498476,0.00382053
222.7,0.498834,0.00334228
222.8,0.499144,0.00286374
222.9,0.499406,0.00238495
223,0.499621,0.00190594
223.1,0.499788,0.00142677
223.2,0.499906,0.00094748
223.3,0.499977,0.000468102
223.4,0.5,-1.13171e-05
223.5,0.499975,-0.000490735
223.6,0.499902,-0.00097011
223.7,0.499781,-0.0014494
223.8,0.499612,-0.00192856
223.9,0.499395,-0.00240756
224,0.49913,-0.00288634
224.1,0.498818,-0.00336487
224.2,0.498457,-0.0038431
224.3,0.498049,-0.00432099
224.4,0.497593,-0.00479851
224.5,0.49709,-0.00527561
224.6,0.496538,-0.00575224
224.7,0.495939,-0.00622836
224.8,0.495293,-0.00670394
224.9,0.494598,-0.00717892
225,0.493857,-0.00765328
225.1,0.493068,-0.00812696
225.2,0.492231,-0.00859993
225.3,0.491348,-0.00907213
225.4,0.490417,-0.00954354
225.5,0.489439,-0.0100141
225.6,0.488414,-0.0104838
225.7,0.487342,-0.0109525
225.8,0.486224,-0.0114203
225.9,0.485058,-0.0118871
226,0.483846,-0.0123528
226.1,0.482588,-0.0128175
226.2,0.481283,-0.013281
226.3,0.479932,-0.0137433
226.4,0.478534,-0.0142044
226.5,0.477091,-0.0146642
226.6,0.475601,-0.0151228
226.7,0.474066,-0.01558
226.8,0.472486,-0.0160358
226.9,0.470859,-0.0164902
227,0.469188,-0.0169431
227.1,0.467471,-0.0173945
227.2,0.465709,-0.0178443
227.3,0.463902,-0.0182926
227.4,0.46205,-0.0187392
227.5,0.460154,-0.0191841
227.6,0.458213,-0.0196273
227.7,0.456229,-0.0200688
227.8,0.4542,-0.0205085
227.9,0.452127,-0.0209463
228,0.450011,-0.0213822
228.1,0.447851,-0.0218162
228.2,0.445647,-0.0222482
228.3,0.443401,-0.0226783
228.4,0.441112,-0.0231063
228.5,0.43878,-0.0235322
228.6,0.436405,-0.0239559
228.7,0.433989,-0.0243775
228.8,0.43153,-0.0247969
228.9,0.429029,-0.025214
229,0.426487,-0.0256289
229.1,0.423904,-0.0260414
229.2,0.421279,-0.0264515
229.3,0.418614,-0.0268592
229.4,0.415907,-0.0272645
229.5,0.413161,-0.0276672
229.6,0.410374,-0.0280675
229.7,0.407547,-0.0284651
229.8,0.404681,-0.0288602
229.9,0.401775,-0.0292526
230,0.398831,-0.0296423
230.1,0.395847,-0.0300292
230.2,0.392825,-0.0304134
230.3,0.389764,-0.0307948
230.4,0.386666,-0.0311734
230.5,0.38353,-0.031549
230.6,0.380356,-0.0319217
230.7,0.377146,-0.0322915
230.8,0.373898,-0.0326583
230.9,0.370614,-0.033022
231,0.367294,-0.0333826
231.1,0.363938,-0.0337401
231.2,0.360546,-0.0340945
231.3,0.357119,-0.0344457
231.4,0.353657,-0.0347937
231.5,0.35016,-0.0351384
231.6,0.346629,-0.0354797
231.7,0.343064,-0.0358178
231.8,0.339466,-0.0361525
231.9,0.335834,-0.0364838
232,0.332169,-0.0368116
232.1,0.328472,-0.0371359
232.2,0.324742,-0.0374568
232.3,0.320981,-0.037774
232.4,0.317187,-0.0380877
232.5,0.313363,-0.0383978
232.6,0.309508,-0.0387043
232.7,0.305622,-0.039007
232.8,0.301707,-0.039306
232.9,0.297761,-0.0396013
233,0.293787,-0.0398928
233.1,0.289783,-0.0401804
233.2,0.285751,-0.0404642
233.3,0.28169,-0.0407442
233.4,0.277602,-0.0410202
233.5,0.273486,-0.0412923
233.6,0.269344,-0.0415604
233.7,0.265174,-0.0418245
233.8,0.260979,-0.0420845
233.9,0.256758,-0.0423405
234,0.252511,-0.0425924
234.1,0.248239,-0.0428402
234.2,0.243943,-0.0430838
234.3,0.239623,-0.0433232
234.4,0.235279,-0.0435584
234.5,0.230911,-0.0437894
234.6,0.226521,-0.0440162
234.7,0.222108,-0.0442386
234.8,0.217673,-0.0444567
234.9,0.213217,-0.0446705
235,0.208739,-0.0448799
235.1,0.204241,-0.045085
235.2,0.199722,-0.0452856
235.3,0.195184,-0.0454817
235.4,0.190626,-0.0456735
235.5,0.186049,-0.0458607
235.6,0.181454,-0.0460434
235.7,0.176841,-0.0462216
235.8,0.17221,-0.0463952
235.9,0.167562,-0.0465643
236,0.162897,-0.0467288
236.1,0.158216,-0.0468887
236.2,0.15352,-0.0470439
236.3,0.148808,-0.0471945
236.4,0.144081,-0.0473404
236.5,0.13934,-0.0474816
236.6,0.134585,-0.0476182
236.7,0.129816,-0.04775
236.8,0.125035,-0.0478771
236.9,0.120241,-0.0479994
237,0.115435,-0.048117
237.1,0.110618,-0.0482298
237.2,0.105789,-0.0483378
237.3,0.100951,-0.0484409
237.4,0.0961015,-0.0485393
237.5,0.0912428,-0.0486328
237.6,0.086375,-0.0487215
237.7,0.0814987,-0.0488054
237.8,0.0766141,-0.0488844
237.9,0.0717219,-0.0489585
238,0.0668226,-0.0490277
238.1,0.0619166,-0.049092
238.2,0.0570044,-0.0491514
238.3,0.0520865,-0.0492059
238.4,0.0471633,-0.0492555
238.5,0.0422355,-0.0493002
238.6,0.0373035,-0.04934
238.7,0.0323677,-0.0493748
238.8,0.0274287,-0.0494047
238.9,0.0224869,-0.0494297
239,0.0175429,-0.0494497
239.1,0.0125971,-0.0494648
239.2,0.0076501,-0.0494749
239.3,0.00270231,-0.0494801
239.4,-0.00224574,-0.0494803
239.5,-0.00719358,-0.0494756
239.6,-0.0121407,-0.0494659
239.7,-0.0170866,-0.0494513
239.8,-0.0220308,-0.0494317
239.9,-0.0269728,-0.0494072
240,-0.0319121,-0.0493778
240.1,-0.0368482,-0.0493434
240.2,-0.0417806,-0.0493041
240.3,-0.0467088,-0.0492599
240.4,-0.0516324,-0.0492107
240.5,-0.0565508,-0.0491567
240.6,-0.0614636,-0.0490977
240.7,-0.0663702,-0.0490338
240.8,-0.0712702,-0.048965
240.9,-0.076163,-0.0488914
241,-0.0810483,-0.0488129
241.1,-0.0859254,-0.0487295
241.2,-0.090794,-0.0486412
241.3,-0.0956535,-0.0485481
241.4,-0.100503,-0.0484502
241.5,-0.105343,-0.0483475
241.6,-0.110173,-0.0482399
241.7,-0.114991,-0.0481276
241.8,-0.119798,-0.0480105
241.9,-0.124593,-0.0478886
242,-0.129376,-0.0477619
242.1,-0.134145,-0.0476305
242.2,-0.138902,-0.0474944
242.3,-0.143644,-0.0473536
242.4,-0.148372,-0.0472081
242.5,-0.153086,-0.047058
242.6,-0.157784,-0.0469032
242.7,-0.162466,-0.0467437
242.8,-0.167132,-0.0465797
242.9,-0.171782,-0.046411
243,-0.176414,-0.0462378
243.1,-0.181029,-0.04606
243.2,-0.185626,-0.0458777
243.3,-0.190205,-0.0456909
243.4,-0.194764,-0.0454996
243.5,-0.199304,-0.0453039
243.6,-0.203825,-0.0451037
243.7,-0.208325,-0.044899
243.8,-0.212805,-0.04469
243.9,-0.217263,-0.0444766
244,-0.2217,-0.0442589
244.1,-0.226115,-0.0440369
244.2,-0.230507,-0.0438105
244.3,-0.234876,-0.0435799
244.4,-0.239223,-0.0433451
244.5,-0.243545,-0.043106
244.6,-0.247844,-0.0428628
244.7,-0.252118,-0.0426154
244.8,-0.256367,-0.0423639
244.9,-0.26059,-0.0421083
245,-0.264788,-0.0418486
245.1,-0.26896,-0.0415849
245.2,-0.273105,-0.0413172
245.3,-0.277223,-0.0410455
245.4,-0.281314,-0.0407698
245.5,-0.285377,-0.0404902
245.6,-0.289412,-0.0402068
245.7,-0.293418,-0.0399195
245.8,-0.297396,-0.0396283
245.9,-0.301344,-0.0393334
246,-0.305262,-0.0390347
246.1,-0.309151,-0.0387323
246.2,-0.313009,-0.0384263
246.3,-0.316836,-0.0381165
246.4,-0.320632,-0.0378031
246.5,-0.324396,-0.0374862
246.6,-0.328129,-0.0371657
246.7,-0.331829,-0.0368417
246.8,-0.335497,-0.0365141
246.9,-0.339132,-0.0361832
247,-0.342734,-0.0358488
247.1,-0.346302,-0.0355111
247.2,-0.349836,-0.03517
247.3,-0.353336,-0.0348256
247.4,-0.356801,-0.0344779
247.5,-0.360231,-0.0341271
247.6,-0.363626,-0.033773
247.7,-0.366986,-0.0334157
247.8,-0.370309,-0.0330554
247.9,-0.373597,-0.0326919
248,-0.376848,-0.0323255
248.1,-0.380062,-0.031956
248.2,-0.383239,-0.0315835
248.3,-0.386378,-0.0312081
248.4,-0.38948,-0.0308299
248.5,-0.392544,-0.0304487
248.6,-0.39557,-0.0300648
248.7,-0.398557,-0.0296781
248.8,-0.401505,-0.0292886
248.9,-0.404415,-0.0288965
249,-0.407285,-0.0285017
249.1,-0.410115,-0.0281043
249.2,-0.412905,-0.0277043
249.3,-0.415656,-0.0273017
249.4,-0.418366,-0.0268967
249.5,-0.421035,-0.0264892
249.6,-0.423663,-0.0260793
249.7,-0.426251,-0.025667
249.8,-0.428797,-0.0252524
249.9,-0.431301,-0.0248355
250,-0.433764,-0.0244163
250.1,-0.436184,-0.0239949
250.2,-0.438563,-0.0235713
250.3,-0.440898,-0.0231457
250.4,-0.443192,-0.0227179
250.5,-0.445442,-0.022288
250.6,-0.447649,-0.0218562
250.7,-0.449813,-0.0214223
250.8,-0.451934,-0.0209866
250.9,-0.45401,-0.0205489
251,-0.456043,-0.0201094
251.1,-0.458032,-0.0196681
251.2,-0.459977,-0.0192251
251.3,-0.461877,-0.0187803
251.4,-0.463733,-0.0183338
251.5,-0.465544,-0.0178857
251.6,-0.46731,-0.017436
251.7,-0.469031,-0.0169848
251.8,-0.470707,-0.016532
251.9,-0.472337,-0.0160778
252,-0.473922,-0.0156221
252.1,-0.475462,-0.015165
252.2,-0.476955,-0.0147066
252.3,-0.478403,-0.0142469
252.4,-0.479805,-0.0137859
252.5,-0.48116,-0.0133237
252.6,-0.482469,-0.0128603
252.7,-0.483732,-0.0123958
252.8,-0.484948,-0.0119301
252.9,-0.486118,-0.0114634
253,-0.487241,-0.0109958
253.1,-0.488317,-0.0105271
253.2,-0.489347,-0.0100575
253.3,-0.490329,-0.009587
253.4,-0.491264,-0.00911567
253.5,-0.492152,-0.00864353
253.6,-0.492993,-0.00817063
253.7,-0.493786,-0.00769702
253.8,-0.494532,-0.00722272
253.9,-0.49523,-0.00674779
254,-0.495881,-0.00627227
254.1,-0.496485,-0.00579619
254.2,-0.497041,-0.00531961
254.3,-0.497549,-0.00484255
254.4,-0.498009,-0.00436507
254.5,-0.498422,-0.00388721
254.6,-0.498787,-0.00340901
254.7,-0.499104,-0.0029305
254.8,-0.499373,-0.00245174
254.9,-0.499594,-0.00197277
255,-0.499767,-0.00149362
255.1,-0.499893,-0.00101434
255.2,-0.49997,-0.000534971
255.3,-0.5,-5.55555e-05
255.4,-0.499981,0.000423865
255.5,-0.499915,0.000903249
255.6,-0.499801,0.00138255
255.7,-0.499638,0.00186174
255.8,-0.499428,0.00234076
255.9,-0.49917,0.00281957
256,-0.498864,0.00329814
256.1,-0.498511,0.00377641
256.2,-0.498109,0.00425436
256.3,-0.49766,0.00473193
256.4,-0.497163,0.00520908
256.5,-0.496618,0.00568578
256.6,-0.496026,0.00616198
256.7,-0.495386,0.00663764
256.8,-0.494698,0.00711271
256.9,-0.493963,0.00758715
257,-0.493181,0.00806093
257.1,-0.492351,0.008534
257.2,-0.491474,0.00900632
257.3,-0.49055,0.00947784
257.4,-0.489578,0.00994852
257.5,-0.48856,0.0104183
257.6,-0.487495,0.0108872
257.7,-0.486383,0.0113551
257.8,-0.485224,0.0118221
257.9,-0.484018,0.0122879
258,-0.482766,0.0127527
258.1,-0.481468,0.0132164
258.2,-0.480123,0.0136789
258.3,-0.478732,0.0141402
258.4,-0.477295,0.0146002
258.5,-0.475812,0.0150589
258.6,-0.474283,0.0155163
258.7,-0.472709,0.0159723
258.8,-0.471089,0.0164269
258.9,-0.469423,0.01688
259,-0.467713,0.0173316
259.1,-0.465957,0.0177817
259.2,-0.464157,0.0182301
259.3,-0.462311,0.018677
259.4,-0.460421,0.0191222
259.5,-0.458487,0.0195656
259.6,-0.456508,0.0200073
259.7,-0.454485,0.0204472
259.8,-0.452419,0.0208853
259.9,-0.450308,0.0213215
260,-0.448155,0.0217558
260.1,-0.445957,0.0221881
260.2,-0.443717,0.0226184
260.3,-0.441434,0.0230467
260.4,-0.439108,0.0234729
260.5,-0.436739,0.0238969
260.6,-0.434328,0.0243188
260.7,-0.431876,0.0247385
260.8,-0.429381,0.025156
260.9,-0.426844,0.0255711
261,-0.424267,0.025984
261.1,-0.421648,0.0263944
261.2,-0.418988,0.0268025
261.3,-0.416287,0.0272081
261.4,-0.413546,0.0276112
261.5,-0.410765,0.0280118
261.6,-0.407944,0.0284098
261.7,-0.405083,0.0288052
261.8,-0.402183,0.029198
261.9,-0.399244,0.0295881
262,-0.396266,0.0299754
262.1,-0.393249,0.03036
262.2,-0.390194,0.0307418
262.3,-0.3871,0.0311207
262.4,-0.38397,0.0314968
262.5,-0.380801,0.0318699
262.6,-0.377596,0.0322401
262.7,-0.374353,0.0326073
262.8,-0.371074,0.0329714
262.9,-0.367759,0.0333325
263,-0.364408,0.0336905
263.1,-0.361021,0.0340453
263.2,-0.357599,0.0343969
263.3,-0.354142,0.0347453
263.4,-0.35065,0.0350905
263.5,-0.347124,0.0354323
263.6,-0.343564,0.0357708
263.7,-0.33997,0.036106
263.8,-0.336343,0.0364378
263.9,-0.332682,0.0367661
264,-0.328989,0.0370909
264.1,-0.325264,0.0374122
264.2,-0.321507,0.03773
264.3,-0.317718,0.0380442
264.4,-0.313898,0.0383548
264.5,-0.310048,0.0386617
264.6,-0.306166,0.038965
264.7,-0.302255,0.0392645
264.8,-0.298313,0.0395603
264.9,-0.294343,0.0398523
265,-0.290343,0.0401405
265.1,-0.286315,0.0404249
265.2,-0.282258,0.0407054
265.3,-0.278174,0.0409819
265.4,-0.274062,0.0412546
265.5,-0.269923,0.0415232
265.6,-0.265757,0.0417879
265.7,-0.261566,0.0420485
265.8,-0.257348,0.042305
265.9,-0.253105,0.0425575
266,-0.248837,0.0428059
266.1,-0.244544,0.04305
266.2,-0.240227,0.0432901
266.3,-0.235886,0.0435259
266.4,-0.231522,0.0437575
266.5,-0.227135,0.0439848
266.6,-0.222725,0.0442078
266.7,-0.218293,0.0444266
266.8,-0.21384,0.044641
266.9,-0.209365,0.044851
267,-0.20487,0.0450566
267.1,-0.200354,0.0452579
267.2,-0.195818,0.0454546
267.3,-0.191263,0.045647
267.4,-0.186689,0.0458348
267.5,-0.182096,0.0460182
267.6,-0.177485,0.046197
267.7,-0.172857,0.0463713
267.8,-0.168211,0.046541
267.9,-0.163549,0.0467061
268,-0.15887,0.0468666
268.1,-0.154176,0.0470225
268.2,-0.149466,0.0471738
268.3,-0.144741,0.0473203
268.4,-0.140002,0.0474622
268.5,-0.135249,0.0475994
268.6,-0.130482,0.0477319
268.7,-0.125703,0.0478596
268.8,-0.120911,0.0479826
268.9,-0.116106,0.0481009
269,-0.111291,0.0482143
269.1,-0.106464,0.048323
269.2,-0.101626,0.0484268
269.3,-0.0967784,0.0485259
269.4,-0.0919211,0.0486201
269.5,-0.0870546,0.0487095
269.6,-0.0821793,0.048794
269.7,-0.0772959,0.0488736
269.8,-0.0724048,0.0489484
269.9,-0.0675064,0.0490183
270,-0.0626013,0.0490833
270.1,-0.0576899,0.0491434
270.2,-0.0527728,0.0491986
270.3,-0.0478503,0.0492489
270.4,-0.0429231,0.0492943
270.5,-0.0379916,0.0493347
270.6,-0.0330563,0.0493703
270.7,-0.0281178,0.0494008
270.8,-0.0231763,0.0494265
270.9,-0.0182326,0.0494472
271,-0.0132871,0.0494629
271.1,-0.00834019,0.0494738
271.2,-0.00339248,0.0494796
271.3,0.00155557,0.0494805
271.4,0.00650346,0.0494765
271.5,0.0114507,0.0494675
271.6,0.0163968,0.0494536
271.7,0.0213413,0.0494347
271.8,0.0262836,0.0494109
271.9,0.0312233,0.0493822
272,0.0361599,0.0493485
272.1,0.0410928,0.0493099
272.2,0.0460217,0.0492663
272.3,0.0509459,0.0492179
272.4,0.0558651,0.0491645
272.5,0.0607787,0.0491062
272.6,0.0656862,0.049043
272.7,0.0705871,0.0489749
272.8,0.075481,0.048902
272.9,0.0803673,0.0488241
273,0.0852457,0.0487414
273.1,0.0901155,0.0486538
273.2,0.0949763,0.0485614
273.3,0.0998276,0.0484642
273.4,0.104669,0.0483621
273.5,0.1095,0.0482552
273.6,0.11432,0.0481435
273.7,0.119128,0.0480271
273.8,0.123925,0.0479059
273.9,0.128709,0.0477799
274,0.133481,0.0476492
274.1,0.138239,0.0475137
274.2,0.142983,0.0473736
274.3,0.147714,0.0472287
274.4,0.152429,0.0470792
274.5,0.157129,0.046925
274.6,0.161814,0.0467663
274.7,0.166482,0.0466028
274.8,0.171134,0.0464348
274.9,0.175769,0.0462622
275,0.180387,0.0460851
275.1,0.184986,0.0459034
275.2,0.189567,0.0457172
275.3,0.194129,0.0455266
275.4,0.198672,0.0453314
275.5,0.203196,0.0451318
275.6,0.207699,0.0449278
275.7,0.212181,0.0447194
275.8,0.216642,0.0445067
275.9,0.221082,0.0442895
276,0.2255,0.0440681
276.1,0.229896,0.0438424
276.2,0.234268,0.0436124
276.3,0.238618,0.0433781
276.4,0.242944,0.0431396
276.5,0.247246,0.042897
276.6,0.251523,0.0426502
276.7,0.255776,0.0423992
276.8,0.260003,0.0421442
276.9,0.264204,0.0418851
277,0.26838,0.0416219
277.1,0.272529,0.0413548
277.2,0.276651,0.0410836
277.3,0.280745,0.0408085
277.4,0.284812,0.0405295
277.5,0.288851,0.0402466
277.6,0.292861,0.0399598
277.7,0.296843,0.0396692
277.8,0.300795,0.0393748
277.9,0.304718,0.0390766
278,0.30861,0.0387747
278.1,0.312472,0.0384692
278.2,0.316304,0.0381599
278.3,0.320104,0.0378471
278.4,0.323873,0.0375306
278.5,0.32761,0.0372106
278.6,0.331315,0.0368871
278.7,0.334988,0.03656
278.8,0.338627,0.0362296
278.9,0.342233,0.0358957
279,0.345806,0.0355584
279.1,0.349345,0.0352178
279.2,0.35285,0.0348738
279.3,0.35632,0.0345266
279.4,0.359755,0.0341762
279.5,0.363155,0.0338226
279.6,0.366519,0.0334658
279.7,0.369848,0.0331058
279.8,0.37314,0.0327428
279.9,0.376396,0.0323768
280,0.379616,0.0320077
280.1,0.382798,0.0316356
280.2,0.385943,0.0312607
280.3,0.38905,0.0308828
280.4,0.392119,0.0305021
280.5,0.39515,0.0301185
280.6,0.398143,0.0297322
280.7,0.401096,0.0293431
280.8,0.404011,0.0289513
280.9,0.406887,0.0285569
281,0.409722,0.0281599
281.1,0.412518,0.0277602
281.2,0.415274,0.027358
281.3,0.41799,0.0269533
281.4,0.420665,0.0265462
281.5,0.423299,0.0261366
281.6,0.425892,0.0257247
281.7,0.428444,0.0253104
281.8,0.430954,0.0248938
281.9,0.433423,0.0244749
282,0.435849,0.0240538
282.1,0.438233,0.0236306
282.2,0.440575,0.0232052
282.3,0.442874,0.0227777
282.4,0.445131,0.0223481
282.5,0.447344,0.0219165
282.6,0.449514,0.021483
282.7,0.45164,0.0210475
282.8,0.453723,0.0206101
282.9,0.455762,0.0201709
283,0.457757,0.0197298
283.1,0.459708,0.019287
283.2,0.461615,0.0188425
283.3,0.463477,0.0183962
283.4,0.465294,0.0179483
283.5,0.467066,0.0174989
283.6,0.468794,0.0170478
283.7,0.470476,0.0165953
283.8,0.472113,0.0161412
283.9,0.473704,0.0156857
284,0.47525,0.0152289
284.1,0.47675,0.0147706
284.2,0.478204,0.0143111
284.3,0.479612,0.0138503
284.4,0.480974,0.0133882
284.5,0.48229,0.012925
284.6,0.483559,0.0124606
284.7,0.484782,0.0119951
284.8,0.485958,0.0115286
284.9,0.487087,0.011061
285,0.48817,0.0105925
285.1,0.489206,0.010123
285.2,0.490195,0.00965268
285.3,0.491136,0.00918146
285.4,0.492031,0.00870943
285.5,0.492878,0.00823664
285.6,0.493678,0.00776312
285.7,0.494431,0.00728892
285.8,0.495136,0.00681407
285.9,0.495794,0.00633863
286,0.496404,0.00586263
286.1,0.496966,0.00538611
286.2,0.497481,0.00490912
286.3,0.497948,0.0044317
286.4,0.498367,0.00395389
286.5,0.498739,0.00347573
286.6,0.499062,0.00299726
286.7,0.499338,0.00251854
286.8,0.499566,0.00203959
286.9,0.499746,0.00156046
287,0.499878,0.0010812
287.1,0.499962,0.00060184
287.2,0.499998,0.000122428
287.3,0.499987,-0.000356995
287.4,0.499927,-0.000836386
287.5,0.499819,-0.0013157
287.6,0.499664,-0.00179491
287.7,0.49946,-0.00227395
287.8,0.499209,-0.0027528
287.9,0.49891,-0.0032314
288,0.498563,-0.00370972
288.1,0.498168,-0.00418771
288.2,0.497725,-0.00466534
288.3,0.497235,-0.00514256
288.4,0.496697,-0.00561932
288.5,0.496111,-0.00609559
288.6,0.495478,-0.00657132
288.7,0.494797,-0.00704648
288.8,0.494068,-0.00752101
288.9,0.493293,-0.00799489
289,0.492469,-0.00846806
289.1,0.491599,-0.00894048
289.2,0.490681,-0.00941212
289.3,0.489717,-0.00988292
289.4,0.488705,-0.0103529
289.5,0.487646,-0.0108219
289.6,0.486541,-0.0112899
289.7,0.485388,-0.011757
289.8,0.484189,-0.012223
289.9,0.482944,-0.012688
290,0.481652,-0.0131518
290.1,0.480313,-0.0136144
290.2,0.478929,-0.0140759
290.3,0.477498,-0.0145361
290.4,0.476022,-0.014995
290.5,0.474499,-0.0154526
290.6,0.472931,-0.0159088
290.7,0.471317,-0.0163635
290.8,0.469658,-0.0168169
290.9,0.467954,-0.0172687
291,0.466205,-0.017719
291.1,0.46441,-0.0181677
291.2,0.462571,-0.0186148
291.3,0.460688,-0.0190602
291.4,0.458759,-0.0195039
291.5,0.456787,-0.0199458
291.6,0.45477,-0.020386
291.7,0.45271,-0.0208243
291.8,0.450605,-0.0212608
291.9,0.448458,-0.0216953
292,0.446266,-0.0221279
292.1,0.444032,-0.0225585
292.2,0.441755,-0.0229871
292.3,0.439435,-0.0234136
292.4,0.437072,-0.0238379
292.5,0.434667,-0.0242601
292.6,0.43222,-0.0246801
292.7,0.429731,-0.0250979
292.8,0.427201,-0.0255134
292.9,0.424629,-0.0259265
293,0.422015,-0.0263373
293.1,0.419361,-0.0267457
293.2,0.416666,-0.0271517
293.3,0.413931,-0.0275551
293.4,0.411155,-0.0279561
293.5,0.40834,-0.0283544
293.6,0.405485,-0.0287502
293.7,0.40259,-0.0291434
293.8,0.399656,-0.0295338
293.9,0.396683,-0.0299216
294,0.393672,-0.0303065
294.1,0.390622,-0.0306887
294.2,0.387534,-0.031068
294.3,0.384409,-0.0314445
294.4,0.381245,-0.031818
294.5,0.378045,-0.0321886
294.6,0.374808,-0.0325562
294.7,0.371534,-0.0329208
294.8,0.368224,-0.0332823
294.9,0.364878,-0.0336407
295,0.361496,-0.033996
295.1,0.358078,-0.0343481
295.2,0.354626,-0.0346969
295.3,0.351139,-0.0350425
295.4,0.347618,-0.0353848
295.5,0.344062,-0.0357238
295.6,0.340473,-0.0360595
295.7,0.336851,-0.0363917
295.8,0.333195,-0.0367205
295.9,0.329507,-0.0370458
296,0.325786,-0.0373676
296.1,0.322033,-0.0376859
296.2,0.318249,-0.0380006
296.3,0.314433,-0.0383117
296.4,0.310587,-0.0386191
296.5,0.306709,-0.0389229
296.6,0.302802,-0.039223
296.7,0.298865,-0.0395193
296.8,0.294898,-0.0398118
296.9,0.290903,-0.0401006
297,0.286878,-0.0403855
297.1,0.282826,-0.0406665
297.2,0.278745,-0.0409436
297.3,0.274637,-0.0412168
297.4,0.270502,-0.041486
297.5,0.26634,-0.0417512
297.6,0.262152,-0.0420124
297.7,0.257938,-0.0422695
297.8,0.253698,-0.0425225
297.9,0.249433,-0.0427715
298,0.245144,-0.0430162
298.1,0.24083,-0.0432568
298.2,0.236493,-0.0434932
298.3,0.232132,-0.0437254
298.4,0.227748,-0.0439533
298.5,0.223341,-0.044177
298.6,0.218913,-0.0443963
298.7,0.214462,-0.0446113
298.8,0.20999,-0.0448219
298.9,0.205498,-0.0450282
299,0.200985,-0.04523
299.1,0.196452,-0.0454275
299.2,0.1919,-0.0456204
299.3,0.187328,-0.0458089
299.4,0.182738,-0.0459929
299.5,0.17813,-0.0461723
299.6,0.173504,-0.0463473
299.7,0.16886,-0.0465176
299.8,0.1642,-0.0466834
299.9,0.159524,-0.0468445
